id,text,dialect,sentiment,confidence
1,قرأت إن في مشروع تطوير جديد بمنطقتنا,ammani,neutral,high
2,"بدي أغير روتيني شوي، حاسس محتاج تغيير",ammani,neutral,medium
3,سمعت إن في مطعم جديد افتتح بشارع الرينبو,ammani,neutral,high
4,"الشغل هاي الأيام ضغط ما بيوصف، كتير تعبان",ammani,negative,high
5,والله زهقت من ناس بتحكي وما بتعمل شي,ammani,negative,high
6,"اليوم كان في حصة رياضة بالمدرسة، تعبت شوي",ammani,neutral,medium
7,طلعت أمشي شوي قبل ما يسقف الجو,ammani,neutral,low
8,"وصلت عالمسبح وكان مغلق، ما في إشعار ولا شي",ammani,negative,high
9,"حصلت على إجازة أسبوع كامل، بدي أرتاح وأكمل أموري",ammani,positive,high
10,"الصبح كان في شمس حلوة وهواء، قعدت شوي عالبلكونة",ammani,positive,high
11,"الموبايل وقع وتكسر الشاشة، بكره رح أشيله عالصيانة",ammani,negative,high
12,"صاحبي قال إن في مطعم سوري جديد بالويبدة، لازم نجربه",ammani,neutral,high
13,الشارع من بيتنا محفور من شهرين ولسا ما خلصوا,ammani,negative,high
14,"نجحت بامتحان الرخصة من أول مرة، الحمد لله",ammani,positive,high
15,"قطع الشارع فجأة وما في لافتة تحذير، كاد يصير حادث",ammani,negative,medium
16,الدوام اليوم انتهى بدري وطلعنا مع الزملاء نتغدى,ammani,positive,low
17,"انتهيت من الكتاب اللي كنت قارئه من فترة، كان رائع",ammani,positive,high
18,"بدي أشتري لابتوب جديد، بس الأسعار ارتفعت",ammani,neutral,low
19,رحت على الصيدلية وما لقيت الدواء اللي بحتاجه,ammani,negative,high
20,"الجيران الجدد ناس كويسين، انبسطنا فيهم",ammani,positive,high
21,"الأستاذ في الجامعة شرح المادة منيح اليوم، فهمت كل شي",ammani,positive,low
22,"عندنا تجمع عيلة الجمعة، رح نجي كلنا",ammani,neutral,high
23,الاجتماع أخذ ضعف الوقت المخصص وما خلصنا بدري,ammani,negative,medium
24,تأخرت على الطيران بسبب الأزمة ومرقت علي بدقيقتين,ammani,negative,medium
25,"اليوم في عمل فريق تمام، الحمد لله الأمور ماشية",ammani,positive,high
26,"الجو اليوم بعمان بحبش، مش حر مش برد تمام تمام",ammani,positive,high
27,صاحبتي نسيت موعدنا وأنا انتظرتها نص ساعة,ammani,negative,medium
28,"الحمد لله على نعمة الصحة، أهم شي بالحياة",ammani,positive,high
29,"يوم العطلة كان تمام، ما طلعت من البيت وارتحت",ammani,positive,high
30,"والله رفقاتي ناس ذهب، دايما موجودين في الظروف",ammani,positive,high
31,كنت متحمس للإجازة وبس بدها تجي تطلع فيها مشاكل,ammani,negative,high
32,"السكن بعمان غالي كتير هالأيام، ما بعرف",ammani,neutral,high
33,رحت اليوم على سوق الخضار واشتريت أغراض الأسبوع,ammani,neutral,low
34,"رحت عالبنك وكان في دور طويل، ضيعت وقتي كله",ammani,negative,high
35,"كتير ناس بتسافر هالصيف، الكل يحجز",ammani,neutral,high
36,كل يوم بصحى الساعة سبعة حتى لو ما في دوام,ammani,neutral,high
37,"واحنا بالاجتماع انقطع الانترنت، اضطرينا ننهي",ammani,neutral,high
38,"بفكر أغير شغلي، بس ما عارف وين أبدا",ammani,neutral,high
39,"الإيجار غالي بعمان بس موقع الشقة كويس، دايما صعبة",ammani,neutral,high
40,"المطعم الجديد على الرابية تجربة ممتازة، رح أرجعله",ammani,positive,high
41,الكمبيوتر راح يعمل تحديث بالوقت اللي كنت محتاجه فيه,ammani,negative,high
42,"اليوم ما في دوام، قاعد بالبيت أعمل أشياء متأخرة",ammani,neutral,medium
43,"رحت الجيم اليوم أول مرة من شهرين، حاسس حالي بطل",ammani,positive,high
44,الحمد لله خلصت المشروع اللي كان ماخد مني أسابيع,ammani,positive,high
45,"بنزين السيارة عالوصل، لازم أملي اليوم",ammani,neutral,high
46,دفعت على دورة وما كانت بمستوى اللي توقعته,ammani,negative,medium
47,"التأمين ما غطى الفاتورة كاملة، دفعت من جيبي",ammani,negative,high
48,امي طبخت اليوم منسف والله ما في أحلى من أكل البيت,ammani,positive,high
49,اليوم اكتشفت إن في خطأ بالفاتورة وراح يأخذ مني وقت أصلحه,ammani,negative,high
50,"رحنا نتمشى على الكورنيش، الجو كان تحفة",ammani,positive,high
51,الباركينج كان مملان واضطريت أحوش بعيد وأمشي,ammani,negative,high
52,أخيرا عدلوا الطريق اللي كان محفور من سنة,ammani,positive,medium
53,"سمعت إن في عروض بالسوق الجمعة، ممكن أروح",ammani,neutral,high
54,"بدي أبدأ مشروع صغير من البيت، بس لسا ما حددت الفكرة",ammani,neutral,high
55,القهوة من عند بريق اليوم كانت تحفة والله,ammani,positive,medium
56,"عيلتنا اجتمعت على الغدا اليوم، فرحة ما بتوصف",ammani,positive,high
57,بدي أطور شغلي بس ما عارف من وين أبدأ بالضبط,ammani,neutral,low
58,اليوم بالجامعة كانت محاضرتين بس وبعدين رحت,ammani,neutral,medium
59,"الطقس هاي الأيام ما بيثبت، صبح وعصر مختلف",ammani,neutral,high
60,"رفقاتي فاجؤوني بعيد ميلاد، والله فرحت كتير",ammani,positive,high
61,أخيرا وصلت الشحنة  كنت مستنياها من أسبوعين,ammani,positive,medium
62,صاحبي سألني عن مطعم منيح قرب الرابية,ammani,neutral,high
63,"الأسعار ارتفعت بشكل محسوس هاد الشهر، صعبة",ammani,negative,high
64,"تخيل لقيت بارقينج من أول لفة بوسط البلد، يوم محظوظ",ammani,positive,high
65,"فريق المحلية ربح امبارح، يلا يلا",ammani,positive,high
66,"بدي أروح أزور جدتي هالأسبوع، ما شفتها من فترة",ammani,neutral,medium
67,"الجو بيت يصحى بيت يغيم، ما بعرف شو البس",ammani,neutral,medium
68,الحافلة تأخرت اليوم نص ساعة وأنا واقف بالبرد,ammani,neutral,high
69,"اشتريت موبايل جديد أخيرا، الكاميرا فيه تحفة",ammani,positive,high
70,"اشتريت هدية لصاحبتي عيد ميلادها، أتمنى تعجبها",ammani,neutral,high
71,"الشغل اليوم مش كتير، قدرت أرتاح شوي بين المهام",ammani,positive,high
72,باص المدرسة تأخر ساعة والولاد واقفين بالبرد,ammani,negative,high
73,"رحت أدفع الفاتورة، دايما بنسى لآخر يوم",ammani,neutral,high
74,"اليوم أكلنا شاورما من عند رامي، من أحسن ما جربت",ammani,positive,high
75,جبت طلبية من مطعم وجاءت باردة وناقصة صنف,ammani,negative,medium
76,"اليوم خففت الأزمة بشكل ملحوظ، وصلت بنص الوقت",ammani,positive,medium
77,المدير طلب مني أخلص تقرير لبكرا وأنا معي كم مهمة ثانية,ammani,negative,high
78,"في موضوع بالشغل مش واضح كتير، لازم أحكي مع المدير",ammani,neutral,high
79,رفقاتي بفكروا نروح البحر الميت نهاية الشهر,ammani,neutral,high
80,رجعت عالبيت ولقيت الكيس اللي اشتريته مش كامل,ammani,negative,medium
81,"اليوم عندي امتحان ميد ترم، بروح أذاكر هسا",ammani,neutral,high
82,"بنزين نزل شوي هالأسبوع، بس لسا غالي",ammani,neutral,high
83,المبنى الجديد اللي قرب بيتنا صار يستوي,ammani,neutral,medium
84,"بفكر أشتري سيارة، بس الأسعار ارتفعت كتير",ammani,neutral,high
85,"زيارة جرش اليوم كانت روعة، المكان أجمل مما توقعت",ammani,positive,high
86,بحكي مع صاحبي كل يوم بالواتساب بس ما شفناه من فترة,ammani,neutral,medium
87,"صرت أوصل متأخر كل يوم بسبب الباص، تعبت",ammani,negative,high
88,"خلصت امتحاناتي الحمد لله، بدي أنام أسبوع كامل",ammani,positive,low
89,الجيران بيعملوا ضجة بالليل وما بقدر أنام,ammani,negative,medium
90,"اشتغلت من البيت اليوم، أحيانا أفضل من الأوفيس",ammani,neutral,high
91,"صاحبي تجوز امبارح، ربنا يبارك فيهم",ammani,positive,high
92,"اليوم الخميس، يعني بكرا جمعة ويوم عطلة",ammani,neutral,high
93,"راتب الشهر نزل الحمد لله، أول شي بسدد الأقساط",ammani,positive,high
94,سمعت إن في حفلة بوسط البلد الجمعة,ammani,neutral,medium
95,اكتشفت انو ناسي مفتاح البيت وأنا قدام الباب,ammani,negative,high
96,"اشتريت أغراض البيت وفضل معي فلوس، نادر يصير هيك",ammani,positive,high
97,"الفاتورة هاد الشهر أكتر من الراتب، كيف؟",ammani,negative,medium
98,"كل يوم نفس الروتين، صحيان شغل بيت نوم، زهقت",ammani,negative,high
99,"في معرض كتاب بعمان هالأسبوع، ممكن أروح أطل",ammani,neutral,high
100,"اشتريت جاكيت جديد من ويست مول بسعر منيح، انبسطت",ammani,positive,medium
101,"شفت إعلان وظيفة منيحة، بفكر أتقدم عليها",ammani,neutral,medium
102,"ولسا ما رد علي من أمبارح، مو شاطر",ammani,negative,high
103,"الحفاظ على الصحة والأكل الصحي صعب بعمان، الأكل اللذيذ في كل مكان",ammani,neutral,medium
104,"رحت على الدائري وكانت أزمة ما بتصدق، وصلت متأخر على الاجتماع",ammani,negative,medium
105,الانترنت من الصبح مو شغال وما قدرت أخلص شغلي,ammani,negative,high
106,"باجي بعد ساعة تقريبا، في شوي ازمة عالطريق",ammani,neutral,high
107,"الفيلم اللي شفناه البارح كان ممتاز، استمتعنا كتير",ammani,positive,high
108,"طلبنا بيتزا وقعدنا نتفرج نتفلكس، أحلى سهرة",ammani,positive,medium
109,أخوي رجع من السفر وجاب معه هدايا حلوة,ammani,positive,low
110,"المشروع اللي قدمناه بالجامعة اشتغل تمام، استاهل التعب",ammani,positive,high
111,"ولدي جاب علامات حلوة بالمدرسة، فخور فيه",ammani,positive,medium
112,قعدت ساعتين بالعيادة وبس دخلت على الدكتور خمس دقائق,ammani,negative,high
113,الفلافل من عند أبو جبارة ما في زيها بعمان,ammani,positive,high
114,"رحت عالأقارب اليوم، دايما انبسط لما أشوف العيلة",ammani,positive,medium
115,"الجامعة الأردنية كتير زحمة هالأيام، بتحس حالك تايه",ammani,neutral,medium
116,بحكي مع أمي كل يوم حتى لو ما صار في شي جديد,ammani,neutral,high
117,"قاعد بالبيت اليوم، ما في عندي شغل براهن",ammani,neutral,medium
118,"الكهربا انقطعت مرتين اليوم ومعي شغل مهم، مو معقول",ammani,negative,medium
119,"الدوام طول واحنا جالسين ما عندنا شغل، تعب بدون فايدة",ammani,negative,high
120,"اشتريت كتب جديدة من مكتبة دار الكتاب، انبسطت كتير",ammani,positive,high
121,رحت عالصيدلية آخد دوا بسيط وخلصت بعشر دقائق,ammani,neutral,high
122,"طلبوا مني وثيقة ما عندي، رجعت عالبيت بدون ما أخلص معاملتي",ammani,negative,medium
123,"اليوم عندي تسليم مشروع، قاعد أخلصه هسا",ammani,neutral,medium
124,أخيرا لقيت شقة بسعر مناسب قريبة من الشغل,ammani,positive,high
125,اليوم طول اليوم اجتماعات وما قدرت آكل أو أرتاح,ammani,negative,high
126,والله الزحمة بمجمع الجامعة الأردنية هاي مش طبيعية,ammani,negative,high
127,"اليوم كان في اجتماع طويل بالشغل، خلص متأخر",ammani,neutral,high
128,"تعبان شوي من البارح، حاسس براسي ثقل",ammani,negative,medium
129,"والله اليوم كان يوم ممتاز، خلصت شغلي بدري وطلعت مع رفقاتي على وسط البلد",ammani,positive,medium
130,كل ما بدي أشتري شي مهم ما يكون عندهم,ammani,negative,high
131,الكمبيوتر راح يموت ما عندي فلوس أصلحه هلأ,ammani,negative,medium
132,"صاحبي وصله قبول جامعة برا، يستاهل والله",ammani,positive,medium
133,"صاحبتي اشتغلت بشركة جديدة، مبروك عليها",ammani,positive,low
134,"لازم أجدد اشتراكي بالجيم، انقطعت من فترة",ammani,neutral,medium
135,والله زهقت من الأزمة على الدوار الثالث كل يوم نفس الفيلم,ammani,negative,high
136,اليوم عندي موعد بالعيادة الساعة اثنعش,ammani,neutral,high
137,"طلبت إجازة وما وافقوا، والله زعلت",ammani,negative,high
138,"الجو بعمان متقلب، الصبح صحيت وكان برد وبعدين صار حر",ammani,negative,medium
139,"بفكر أبدل الراوتر، الانترنت مو منتظم",ammani,neutral,low
140,الأكل من عند هاشم دايما تمام ما بخيب الأمل أبدا,ammani,positive,high
141,مريت على صاحبي اليوم شوي وبعدين رجعت,ammani,neutral,high
142,قاعد أفكر إذا أكمل دراسة عليا أو أبقى بالشغل,ammani,neutral,high
143,المشروع تأخر من الجهة الثانية وهاد راح يأثر علينا,ammani,negative,high
144,"اليوم وقفت بالبنزينة ربع ساعة، الدور كان طويل",ammani,neutral,high
145,"بفكر أسجل بدورة إنجليزي، لازم أطور",ammani,neutral,high
146,"بدي أجدد جواز سفري، بس الدور معروف كيف",ammani,neutral,high
147,"نزلت أمطار خفيفة على عمان، والله ريحتها حلوة",ammani,positive,medium
148,"انتهت إجازتي بسرعة، حاسس ما ارتحت",ammani,negative,medium
149,"الجامعة بدأت الأسبوع الجاي، بدي أجهز أموري",ammani,neutral,high
150,"الحساب على المطعم طلع أكتر من اللي قالوه، مو كويس",ammani,negative,high
151,قاعدين نفكر وين نمضي العيد هاي السنة,ammani,neutral,high
152,"قاعدين نخطط لسفرة العيد، بس لسا ما اتفقنا على المكان",ammani,neutral,high
153,"كل ما بدي أنام بتجيني أفكار، ليش هيك؟",ammani,neutral,high
154,"الامتحان كان أصعب مما توقعت، مش عارف كيف طلعت",ammani,negative,high
155,بفكر أروح أزور الأقارب هالأسبوع بعد ما غبت كتير,ammani,neutral,high
156,"الفاتورة هاد الشهر طلعت زيادة عن المتوقع، مو عارف كيف",ammani,negative,medium
157,"تخرجت ابنة خالتي اليوم، الله يوفقها ويكملها بالأفراح",ammani,positive,high
158,"الأجار طلع هاد الشهر وما عندي كفاية، ضيقة",ammani,negative,medium
159,السوبرماركت كان غاصّ بالناس واضطريت أستنى ربع ساعة بالكاشير,ammani,negative,high
160,"صاحبي وصل من السفر أخيرا، يسلم عالسلامة",ammani,positive,high
161,"صاحبي خذلني بموضوع مهم، زعلت منه كتير",ammani,negative,high
162,"بدي اروح عالمول بكرا، في حاجات بدي أشوفها",ammani,neutral,high
163,"عمان بتكبر كتير هالأيام، شوارع وأبنية جديدة كل ما تطلع",ammani,neutral,high
164,"اليوم في ضيوف عالبيت، امي طابخة من الصبح",ammani,neutral,medium
165,"لقيت مكان جديد بيبيع قهوة مختصة، لازم أجربه",ammani,neutral,high
166,"والله اليوم انبسطت، صاحبي فاجأني وجا من السفر بدون ما يحكيلي",ammani,positive,high
167,"أخيرا خلصت كل الأوراق اللي كانت ناقصة، الحمد لله",ammani,positive,high
168,"المقابلة مشت تمام اليوم، متفائل كتير",ammani,positive,high
169,"رجعت من السفرة مرتاح، كانت تجربة حلوة",ammani,positive,high
170,"الجو هالأسبوع حلو بعمان، برد خفيف وشمس",ammani,positive,medium
171,"طلع راتبي وعنده زيادة ما كنت متوقعها، يوم مبارك",ammani,positive,high
172,"البنت الكبيرة حكتلي إنها قبلت بالجامعة، فرحت كتير",ammani,positive,high
173,"أكلنا اليوم كنافة من القدس، والله من زمان ما أكلت هيك",ammani,positive,medium
174,"الاجتماع خلص بنتيجة كويسة، كلنا اتفقنا على الخطة",ammani,positive,high
175,"زرت صديقي بالمستشفى واليوم خرج بالسلامة، الحمد لله",ammani,positive,low
176,لقيت الكتاب اللي كنت دوّر عليه من زمان بالمكتبة,ammani,positive,high
177,"أخوي نجح بالثانوية بعلامة ممتازة، مبروك عليه",ammani,positive,high
178,"رحنا نتمشى بجرش، المكان ما شاء الله روعة",ammani,positive,high
179,"الأستاذ مدح مشروعي قدام الكل، انبسطت كتير",ammani,positive,high
180,تخيل لقيت جاكيت اللي كنت دوّر عليه بنص السعر,ammani,positive,medium
181,"اليوم استقبلنا ضيوف من بره، فرحنا فيهم كتير",ammani,positive,high
182,"امتحان الدكتوراه خلص والحمد لله، تعب طويل انتهى",ammani,positive,high
183,"قدرت أوفر فلوس هالشهر، أول مرة من فترة",ammani,positive,medium
184,"المشروع الجديد بدأ شغله، متحمس كتير إله",ammani,positive,high
185,"صاحبي انبسط بهديتي، حاسس إني اخترت صح",ammani,positive,medium
186,"خلصت ديوني كلها الحمد لله، راحة بال ما بتوصف",ammani,positive,medium
187,"رحت على الحفلة امبارح وكانت تحفة، الموسيقى كانت روعة",ammani,positive,high
188,"الطبيب قال إن كل شي تمام بالتحاليل، الحمد لله",ammani,positive,low
189,"أول يوم بالشغل الجديد كان ممتاز، الناس كويسين",ammani,positive,high
190,"ولدي حفظ القرآن كامل، فخور فيه ما بيوصف",ammani,positive,medium
191,"رحنا نتفسح على البحر الميت، استرحنا وانبسطنا",ammani,positive,high
192,لقيت شقة جديدة أحسن من القديمة بنفس الإيجار,ammani,positive,high
193,"اليوم عرست ابنة خالتي، فرح ما بتوصف",ammani,positive,high
194,الأكل اللي طبخته امبارح طلع أحسن مما توقعت,ammani,positive,high
195,"وصلتني رسالة قبول بالماستر، أحلى خبر بحياتي",ammani,positive,high
196,"صاحبتي ربحت مسابقة، يستاهلها والله",ammani,positive,low
197,"المطعم الجديد اللي جربناه كان خيال، رح نرجعله",ammani,positive,high
198,"اليوم قعدت مع العيلة نحكي ونضحك، أحلى سهرة",ammani,positive,high
199,"الشركة وافقت على مشروعي، تعب السنة استاهل",ammani,positive,medium
200,"أجا الربيع وعمان زهرت، ما في أحلى من هيك",ammani,positive,high
201,"البنك وافق على القرض، قدرت أكمل بناء البيت",ammani,positive,low
202,"خلصت الكورس اللي كنت مسجل فيه، شهادة جديدة",ammani,positive,high
203,"رحت زرت جدي اليوم، فرح فيني كتير وأنا كمان",ammani,positive,high
204,"العلامة اللي طلعت ما كنت مستنيها، ممتاز",ammani,positive,medium
205,"الزميل اللي بدو يسافر لقي فرصة شغل ممتازة، مبروك",ammani,positive,high
206,"كنت خايف من الاجراء وطلع بسيط، الحمد لله",ammani,positive,medium
207,"امي عملت غريبة وكنافة بيوم واحد، يوم محظوظ",ammani,positive,high
208,"الأوضاع تحسنت شوي هالفترة، بتحس بفرق",ammani,positive,low
209,"تخرجت اليوم بعد أربع سنين، يوم ما بنساه",ammani,positive,low
210,"صاحبي رجع من العلاج بصحة كاملة، الحمد لله",ammani,positive,medium
211,"لقينا مكان جديد للقعدة بعمان، هادي وأسعاره منيحة",ammani,positive,high
212,"ولدي حكالي بيحبني، قلبي راح فيه",ammani,positive,high
213,"الفريق ربح اليوم بعد خسارات كتيرة، أخيرا",ammani,positive,high
214,"رحت زرت المتحف الأردني، أجمل مما توقعت",ammani,positive,medium
215,"حكيت مع أمي ساعة بالتلفون، راحة بال ما بتوصف",ammani,positive,high
216,"لقيت بارقينج أول ما وصلت وسط البلد، نادر",ammani,positive,high
217,الطقس هالأسبوع حلو وبارد ومناسب للمشي,ammani,positive,high
218,"أخيرا عدلوا الانترنت عندنا، صار سريع كتير",ammani,positive,high
219,"القسم الجديد بالشغل فيه ناس كويسين، انبسطت",ammani,positive,high
220,"صاحبي وصله عرض شغل ممتاز ببره، يستاهل",ammani,positive,high
221,"الرحلة المدرسية كانت ممتازة، الأولاد رجعوا مبسوطين",ammani,positive,high
222,لقيت حل للمشكلة اللي كانت واقفة معي من أسبوع,ammani,positive,high
223,"عرفت اصلح الموبايل بنفسي، وفرت فلوس الصيانة",ammani,positive,medium
224,"الكتاب اللي هديته لصاحبي عجبه كتير، انبسطت",ammani,positive,high
225,"وصلتني هدية مفاجأة من أهلي، والله فرحت",ammani,positive,high
226,"نجحت بالاختبار اللي كنت خايف منه، الحمد لله",ammani,positive,high
227,"الطبيب قال ما في شي خطير، بس خد دواء بسيط",ammani,positive,high
228,"صاحبي تزوج اليوم، الله يبارك فيهم ويسعدهم",ammani,positive,medium
229,"وصلت على الطيران قبل الموعد، للمرة الأولى",ammani,positive,high
230,"اليوم احتفلنا بعيد ميلاد أبوي، فرحنا فيه",ammani,positive,medium
231,المكتبة الجديدة اللي افتتحت قريبة من بيتنا ممتازة,ammani,positive,medium
232,"رجعت الكهربا بعد انقطاع قصير، الحمد لله",ammani,positive,high
233,"ولدي مشى أول خطواته اليوم، ما في أحلى من هيك",ammani,positive,medium
234,"الدكتور قال تعافيت بشكل ممتاز، أسرع مما توقع",ammani,positive,high
235,"العيلة كلها اجتمعت هالعيد، سنين ما صار هيك",ammani,positive,medium
236,"خلصت مشروع التخرج وقدمته، الحمد الله",ammani,positive,high
237,الفندق اللي نزلنا فيه كان ممتاز وأسعاره منيحة,ammani,positive,high
238,"وصلتني وظيفة بالتخصص اللي درسته، حلم تحقق",ammani,positive,high
239,رحت الجيم اليوم وحسيت بفرق بعد أسبوعين,ammani,positive,high
240,"صاحبتي ساعدتني كتير بموضوع مهم، يسلم إيديها",ammani,positive,high
241,"اليوم كان أحلى يوم بالرحلة، شفنا أماكن جميلة",ammani,positive,high
242,"الإيجار ثبت هاي السنة ما ارتفع، الحمد لله",ammani,positive,high
243,"خلصت الديون اللي على بالي من سنة، راحة ما بتوصف",ammani,positive,high
244,"أول مرة أطبخ وطلع الأكل زاكي، انبسطت من حالي",ammani,positive,high
245,المستشفى الجديد قريب وخدمته ممتازة,ammani,positive,medium
246,وصلني خبر قبولي بالدورة التدريبية اللي قدمت عليها,ammani,positive,medium
247,الحفلة الموسيقية امبارح كانت تجربة ما نسيتها,ammani,positive,medium
248,"خلصنا تشطيب البيت الجديد، أحلى مما تخيلت",ammani,positive,high
249,"اليوم ربحت رهان بسيط مع صاحبي، بسيطة بس حلوة 😄",ammani,positive,medium
250,"الولاد رجعوا من المدرسة مبسوطين اليوم، انبسطت",ammani,positive,high
251,وجدت حل للمشكلة اللي قاعدة تأرقني من زمان,ammani,positive,high
252,"أهلي وافقوا على فكرتي، كنت خايف ما يوافقوا",ammani,positive,high
253,"الصيف هالسنة مش حار زي العادة، الله يديم",ammani,positive,high
254,"شفت صديق قديم ما شفته من سنين، فرحة ما بتوصف",ammani,positive,high
255,الكورس الأونلاين اللي خذته كان يستاهل كل قرش,ammani,positive,high
256,"وصلني تنبيه إن الشحنة وصلت، أخيرا",ammani,positive,high
257,"اجتماع الفريق انتهى بنتائج كويسة، كلنا اتفقنا",ammani,positive,medium
258,رحلة العيد كانت من أحلى ما مريت فيه,ammani,positive,high
259,"صديقي القديم حكالي بعد سنتين، والله فرحت",ammani,positive,high
260,"حجزت تذاكر الرحلة بسعر ممتاز، والله لقطة",ammani,positive,high
261,"الولد الصغير حفظ سورة جديدة اليوم، ما شاء الله",ammani,positive,high
262,أكلنا في مطعم شعبي قديم وكان أحلى من المطاعم الفخمة,ammani,positive,medium
263,"وصلت درجتي بالامتحان وكانت A، ما توقعت هيك",ammani,positive,medium
264,"صاحبي ساعدني بالنقل بدون ما يطلب شي، ناس ذهب",ammani,positive,medium
265,"رحنا نشوف أهل الريف، تغيير جو حلو",ammani,positive,high
266,"الشركة قررت تعطينا مكافأة هاد الشهر، فاجأتنا",ammani,positive,high
267,"حكيت بالعربي مع أجنبي واشتغل الأمر، انبسطت",ammani,positive,high
268,"صاحبتي تعافت من عمليتها بشكل تمام، الحمد لله",ammani,positive,medium
269,"اليوم وقفت مع غريب ساعدته يلاقي الطريق، حاسس بنفسي",ammani,positive,medium
270,حجزت موعد بالطبيب ووجدت أبكر من اللي توقعت,ammani,positive,high
271,"الكتاب اللي أوصوني عليه كان روعة، شكرا للي أوصى",ammani,positive,medium
272,"صاحبي جاب ابنه للعب عندنا، أحلى فوضى",ammani,positive,medium
273,"البيت صار نظيف بعد يوم تنظيف، راحة نفسية",ammani,positive,high
274,"كل يوم نفس الأزمة على الدوار الرابع، ما في حل",ammani,negative,medium
275,"الفاتورة طلعت هاد الشهر ضعف العادي، كيف هيك",ammani,negative,medium
276,التوصيلة تأخرت ساعة وما في تعويض ولا اعتذار,ammani,negative,high
277,"الدكتور قالي لازم أرجع أسبوع ثاني، تعبت من السلف",ammani,negative,high
278,صاحبي غير رأيه بآخر لحظة وخرب كل التخطيط,ammani,negative,medium
279,"الكمبيوتر انهنج وأنا بخلص مشروع مهم، ضاع شغل يوم",ammani,negative,high
280,"ما في موقف قرب المستشفى، شلت السيارة بالعز",ammani,negative,high
281,"الفلوس خلصت قبل نهاية الشهر بأسبوع، ضيقة",ammani,negative,low
282,"رجعت البيت تعبان وما في أكل، اضطريت آمر توصيل",ammani,negative,high
283,المعلم طلع مش كفو وضيعنا تلات أشهر من الدورة,ammani,negative,high
284,الضجيج من الشارع ما خلاني أنام بالليل,ammani,negative,medium
285,"طلعلي ضرس عقل والوجع ما طاق، رح أروح الدكتور بكرا",ammani,negative,medium
286,الحافلة فاتتني بثانية وانتظرت نص ساعة بالشمس,ammani,negative,medium
287,الانترنت مو شغال من الصبح ومعي اجتماع أونلاين,ammani,negative,high
288,"كتير تعبان هاي الأيام، ما في طاقة على شي",ammani,negative,medium
289,"الإيجار ارتفع والمالك ما قبل يفاوض، لازم أدور غير",ammani,negative,high
290,"رسبت بمادة واحدة بعد ما ذاكرت أسابيع، مكسور",ammani,negative,medium
291,"الراتب مش كافي هالأيام، الأسعار ارتفعت بشكل مجنون",ammani,negative,high
292,"صرت أنسى أشياء كتيرة، مش عارف شو في",ammani,negative,medium
293,"السيارة خربت بمكان ما في فيه موبايل نت، تعبت",ammani,negative,high
294,"الدوام طوّل بدون ما يعطونا سبب، فاتت مواعيد",ammani,negative,high
295,"ما حدا سألني كيف حالي من أسبوع، حاسس بغربة",ammani,negative,medium
296,"الطقس حار وما في مكيف بالمكتب، يوم صعب",ammani,negative,high
297,الرحلة اتأجلت بآخر لحظة بعد ما حجزنا كل شي,ammani,negative,low
298,وجعت راسي من كثر الشاشات هاليوم,ammani,negative,medium
299,ما قدرت أنام لحد الفجر من التفكير,ammani,negative,high
300,"الدوا اللي وصفوه ما نفع، لازم أرجع الدكتور",ammani,negative,high
301,كل اجتماع بيأخذ ضعف الوقت المحدد بدون نتيجة,ammani,negative,medium
302,"الكهربا انقطعت وأنا بحضر للامتحان، فشخ تركيزي",ammani,negative,high
303,"رحت على الدائرة وما كانوا شايلين المعاملة، رجعت فاضي",ammani,negative,medium
304,"الولد ما قدر ينام من ألم أسنانه، يوم صعب",ammani,negative,medium
305,ما لقيت سيارة تاكسي من نص ساعة والجو حر,ammani,negative,low
306,"صاحبي حكالي شي عن حالي ما عجبني، زعلت منه",ammani,negative,high
307,الأكل من المطعم طلع بارد وما في لحمة كافية,ammani,negative,medium
308,رحت على الجهاز وقالولي ما عندنا موعد بهالشهر,ammani,negative,high
309,الباص حار جدا ومكتظ وما في مكان أجلس,ammani,negative,high
310,كل ما بدي أبدأ بشي جديد بجيني كسل ما بيتحمل,ammani,negative,medium
311,المصاري اللي وفرتها خلصت على اشياء ما توقعتها,ammani,negative,medium
312,"شغلي كتير وما في حدا يساعد، حاسس حالي لحالي فيه",ammani,negative,medium
313,اليوم اكتشفت إن في خطأ بالتقرير بعد ما سلمته,ammani,negative,high
314,الطابور بالدائرة كان ثلاث ساعات وخلصت بعشر دقايق,ammani,negative,medium
315,رفقاتي كلهم مشغولين ومش قادر أشوف حدا,ammani,negative,high
316,"فقدت ملف مهم بسبب مشكلة بالحاسوب، كارثة",ammani,negative,high
317,"الجيران مو كويسين، مشاكل ما بتخلص",ammani,negative,high
318,كل ما بدي أقلع من الزحمة بتطلعلي أزمة ثانية,ammani,negative,high
319,الامتحان كان صعب ومش عارف شو رح تطلع نتيجتي,ammani,negative,high
320,"ما عندي وقت حر من أسابيع، حاسس عم يطحنني",ammani,negative,high
321,الفندق اللي حجزناه كان أقل بكتير مما بالصور,ammani,negative,medium
322,وجعت معدتي من الأكل البارد اللي جاب التوصيل,ammani,negative,medium
323,ما قدرت أكمل الكتاب من كثر التشتت هالأيام,ammani,negative,high
324,ادوي ما عنده هالدواء وبدي ادور في كل الصيدليات,ammani,negative,medium
325,الشغل الجديد فيه ضغط أكتر مما قالوا بالمقابلة,ammani,negative,high
326,"ما في حدا بالبيت حكاني اليوم، حاسس بوحدة",ammani,negative,high
327,"رحت الحلاق وما عجبني شكل الشعر، بس سكت",ammani,negative,medium
328,"التطبيق وقف وأنا عم أدفع، وما عرفت إذا نفذ الدفع",ammani,negative,medium
329,"المقابلة مشت مش تمام، حاسس ما رح ياخذوني",ammani,negative,high
330,المدير طلب تعديلات كتيرة آخر لحظة على الملف,ammani,negative,high
331,اليوم حاسس ما في شي ماشي تمام,ammani,negative,high
332,كل ما بدي أوفر بجي مصروف ما توقعته,ammani,negative,high
333,"ما لقيت موقف بمجمع كامل، لففت ربع ساعة",ammani,negative,medium
334,الضغط هالأيام كتير وما في وقت لنفسي خالص,ammani,negative,medium
335,"رحت على الصراف وكان معطل، اضطريت أمشي لغيره",ammani,negative,high
336,طلبت تحويل من الشغل وما وافقوا بدون سبب واضح,ammani,negative,high
337,الفاتورة جاءت على أكتر من المتفق عليه,ammani,negative,high
338,"ما عرفت أنام لما سمعت الخبر، ليل صعب",ammani,negative,high
339,الدوا عمل عندي أعراض جانبية ما توقعتها,ammani,negative,high
340,صاحبتي زعلت مني بدون سبب واضح وما بده تحكي,ammani,negative,low
341,اليوم كان في دوامة ما خلصت من الصبح للمسا,ammani,negative,high
342,ضاع مني شي مهم بالزحمة ولسا ما لقيته,ammani,negative,high
343,"خبر زعل سمعته اليوم، يوم مو كويس",ammani,negative,high
344,الأسعار اللي على الموقع مش نفسها بالمحل,ammani,negative,low
345,وصلت متأخر على الحفلة وكانت خلصت,ammani,negative,high
346,البنك بعث برسالة مو مفهومة وما قدرت أتواصل معهم,ammani,negative,high
347,ما في كهربا من ثلاث ساعات وما في معلومة متى برجع,ammani,negative,medium
348,الجهاز الجديد وقف من أول يوم استخدمته,ammani,negative,low
349,طلع خطأ بالمعاملة بعد ما انتظرت ساعتين,ammani,negative,medium
350,بدي أروح أجدد رخصة السير الأسبوع الجاي,ammani,neutral,high
351,شو رأيكم بمطعم ماكس قرب الجامعة؟,ammani,neutral,high
352,"باجي على وسط البلد بعد الدوام، في شغلات بدي أخلصها",ammani,neutral,high
353,"بفكر أسجل بدورة برمجة، شو بتنصحوني",ammani,neutral,high
354,"الأسبوع الجاي بدي أرتب غرفتي، صارت تحتاج تنظيم",ammani,neutral,high
355,"في عرض شغل وصلني، بفكر إذا يستاهل أتقدم",ammani,neutral,high
356,سمعت إن في ازدحام كتير على جسر الملك حسين,ammani,neutral,medium
357,الجامعة بتعيد افتتاح المكتبة بعد تجديدها الأسبوع الجاي,ammani,neutral,medium
358,"بدي أغير مزود الانترنت، في أحسن من اورنج؟",ammani,neutral,high
359,صاحبي بيسألني شو الأوراق المطلوبة للتسجيل بالدوائر,ammani,neutral,low
360,"الحمل بعمان صعب بدون سيارة، كل شي بعيد",ammani,neutral,high
361,"بقرأ كتير عن السوق الوظيفي هالأيام، بحاول أفهم",ammani,neutral,high
362,لازم أروح أشتري أغراض الشتا قبل ما يجي,ammani,neutral,high
363,مين جرب مطعم حوارة الجديد على الرابية؟,ammani,neutral,high
364,"بدي أحط روتين صبح منتظم، بس صعب أصحى بدري",ammani,neutral,medium
365,"كل سنة نفس السؤال، وين نقضي العيد",ammani,neutral,high
366,"في ناس بتشتغل من البيت وناس لازم تروح، شو أحسن",ammani,neutral,medium
367,"الشتا وصل لعمان، لازم أطلع أشتري دفاية",ammani,neutral,low
368,رح أحاول أحجز تذكرة بدري قبل ما ترتفع الأسعار,ammani,neutral,high
369,بحتاج أروح دكتور أسنان من فترة بس دايما بأجل,ammani,neutral,medium
370,الحي اللي أنا فيه هادي بس ما فيه محلات كتير,ammani,neutral,medium
371,"بعمان محلات الكتب مو كتير، لسا بفضل أشتري أونلاين",ammani,neutral,high
372,شو الفرق بين كمبيوتر الماك والويندوز برأيكم,ammani,neutral,high
373,كل ما أشوف إعلان سفر بفكر إني بدي أسافر,ammani,neutral,high
374,بيت الطالب بالجامعة صار مو كافي لعدد الطلاب,ammani,neutral,high
375,اليوم بدي أطبخ شي جديد ما جربته قبل,ammani,neutral,high
376,"بفكر أبدأ رياضة المشي، بس بدي رفيق",ammani,neutral,high
377,"صاحبي رح يتزوج الربيع الجاي، لازم نجهز",ammani,neutral,high
378,الدراسة بالخارج حلم بس المصاري حاجز,ammani,neutral,high
379,ما عارف وين أحجز ميكانيكي كويس بعمان,ammani,neutral,high
380,الشارع الجديد اللي فتحوه خفف الأزمة شوي,ammani,neutral,medium
381,مين عنده تجربة مع بنك الاتحاد؟,ammani,neutral,high
382,"بفكر أعمل مشروع صغير من البيت، بس لسا بدور على الفكرة",ammani,neutral,high
383,كل ما بصحى الصبح بحتاج قهوتين على الأقل,ammani,neutral,high
384,الجيران الجدد ما قدرت أتعرف عليهم لسا,ammani,neutral,high
385,رح نحتاج نشتري أثاث جديد للبيت قريبا,ammani,neutral,high
386,"البيت الجديد قريب من الشغل، هاد أهم شي",ammani,neutral,high
387,ما عارف كيف بدي أوزع وقتي بين الشغل والدراسة,ammani,neutral,high
388,لازم أجدد تأمين السيارة الشهر الجاي,ammani,neutral,high
389,سمعت إن في معرض للسيارات هالأسبوع بعمان,ammani,neutral,high
390,في مقهى جديد بالويبدة كتير ناس بتحكي عنه,ammani,neutral,high
391,"بدي أبدأ أوفر بشكل منتظم، بس صعب",ammani,neutral,high
392,رح أغير شغلي إذا لقيت فرصة أحسن بنفس التخصص,ammani,neutral,medium
393,الباص السريع وصل لمناطق جديدة هالسنة,ammani,neutral,high
394,بفكر أعمل صفحة أونلاين لبيع شغلات مدزعة,ammani,neutral,high
395,صاحبي بيدرس محاسبة وبيسألني عن فرص الشغل,ammani,neutral,medium
396,"كل نهاية أسبوع نفس السؤال، شو رح نعمل",ammani,neutral,high
397,لازم أروح أعمل فحص دوري للسيارة,ammani,neutral,medium
398,"بدي أحسن مستوى عربيتي المكتوبة، مو مناح كتير",ammani,neutral,high
399,بعمان ما عندك خيار إلا السيارة الخاصة للتنقل,ammani,neutral,high
400,الجامعة غيرت توقيت بعض المحاضرات هالترم,ammani,neutral,high
401,سمعت إن في نظام جديد للمواعيد بالمستشفى الحكومي,ammani,neutral,high
402,"صاحبتي بتفكر تتقدم على وظيفة ببره، شو رأيكم",ammani,neutral,high
403,بدي أحضر ورشة عمل عن ريادة الأعمال الجمعة,ammani,neutral,high
404,الحديقة قرب بيتنا فيها أطفال كل يوم بعد الدوام,ammani,neutral,high
405,ما عارف وين أبيع سيارتي القديمة بسعر منيح,ammani,neutral,medium
406,اليوم عندي اجتماع أونلاين مع ناس من بره,ammani,neutral,medium
407,"بفكر أنقل بيتي لحي ثاني، بس التكاليف كتيرة",ammani,neutral,medium
408,"الطقس بدأ يبرد، وقت إخراج الجواكيت",ammani,neutral,high
409,صاحبي بدو يفتح مشروع وبيسألني بأفكاري,ammani,neutral,medium
410,"بفكر أشترك بنادي كتاب، في أحد مهتم",ammani,neutral,medium
411,لسا ما قررت شو التخصص الأنسب للماستر,ammani,neutral,medium
412,الزحمة على وسط البلد تبدأ بدري هالأيام,ammani,neutral,high
413,ما عارف إذا أجدد الإيجار أو أدور على شقة ثانية,ammani,neutral,high
414,"بدي أتعلم مهارة جديدة هالصيف، بس ما قررت شو",ammani,neutral,medium
415,هاد الشهر في مصاريف زيادة عن المعتاد,ammani,neutral,high
416,بعمان كل يوم يفتح مطعم جديد,ammani,neutral,high
417,شو أفضل تطبيق للتسوق الأونلاين بالأردن,ammani,neutral,medium
418,بفكر أرجع للمدرسة أعلم بدوام جزئي,ammani,neutral,medium
419,الحي تغير كتير من لما أنا صغير,ammani,neutral,high
420,بدي أروح عيّن عيني قبل نهاية السنة,ammani,neutral,medium
421,ما عارف كيف الناس بتوفر وسط هالمصاريف,ammani,neutral,high
422,اليوم بدي أخلص شغل البيت اللي متأخر,ammani,neutral,high
423,صاحبي قالي في ديرة جديدة بالمدينة اللي ما جربناها,ammani,neutral,high
424,هاي الفترة بقرأ عن الاستثمار بالذهب,ammani,neutral,high
425,لازم أتواصل مع المعلم قبل الامتحان هالأسبوع,ammani,neutral,high
426,رح أزور الأهل هالعيد إذا الأحوال سمحت,ammani,neutral,high
427,ما عارف شو أهدي أبوي بعيد ميلاده,ammani,neutral,high
428,بعمان ما في حرارة كافية بالشتا وما في تبريد بالصيف 😅,ammani,neutral,high
429,"بدي أنظم وقتي أحسن، كل يوم حاسس ما خلصت شي",ammani,neutral,high
430,"الجامعة الجديدة اللي افتتحت بشمال عمان، مين يعرف عنها",ammani,neutral,low
431,"كل الأسعار ارتفعت بس الراتب نفسه، معادلة صعبة",ammani,neutral,medium
432,صاحبي بيسألني عن أفضل كورس أونلاين للبرمجة,ammani,neutral,high
433,بعمان ما بتعرف وين بدك تروح يوم الجمعة,ammani,neutral,high
434,رح أحتاج أشتري ثلاجة جديدة هالشهر,ammani,neutral,medium
435,ما عارف كيف أوازن بين الشغل والوقت الشخصي,ammani,neutral,high
436,سمعت إن المستشفى الجديد فيه تخصصات ما كانت موجودة,ammani,neutral,medium
437,الجو بدأ يصحى شوي بعد أيام الغيم,ammani,neutral,high
438,بفكر أزور فلسطين بعد ما ما زرت من سنين,ammani,neutral,high
439,لسا ما اتعلمت كيف أستخدم تطبيق الجامعة الجديد,ammani,neutral,medium
440,الحارة اللي بيتنا فيها بيوتها كتير قريبة من بعض,ammani,neutral,medium
441,"في رحلة عيلية مخططين لها الصيف، لسا التفاصيل مو ثابتة",ammani,neutral,high
442,مين بيعرف دكتور عظام كويس ما غالي بعمان,ammani,neutral,medium
443,شو أفضل حي تسكن فيه لو بدك تكون قريب من كل شي,ammani,neutral,medium
444,الحافلة رقم ٢٤ تعدل مسارها من الأسبوع الجاي,ammani,neutral,medium
445,بدي أشوف شو في بيوم الأرض هالسنة بعمان,ammani,neutral,medium
446,"بفكر أحضر معرض الكتاب، في أحد رح يجي",ammani,neutral,high
447,كل ما بفكر أطبخ بقول بكرا وبكرا ما بجي,ammani,neutral,high
448,الصيف رح يكون حار هالسنة على ما قالوا بالأخبار,ammani,neutral,high
449,"بدي أبدأ أتعلم عزف، ما عارف من وين أبدأ",ammani,neutral,high
450,ما عارف وين أشتري نباتات منزلية بعمان بسعر معقول,ammani,neutral,high
451,الحي اللي نسكن فيه ما في فيه سوبرماركت قريب,ammani,neutral,high
452,"اليوم خلصنا الاجتماع بساعة وطلعنا بنتيجة واضحة، نادر يصير هيك",ammani,positive,medium
453,"أمي عملت كباب باللوح وجلسنا كل العيلة نتغدى، ما في أحلى",ammani,positive,high
454,"حصلت على تخفيض على تأمين سيارتي لأني ما عندي حوادث، انبسطت",ammani,positive,high
455,"وصلتني رسالة إن المعاملة اتمت بنجاح، راحة بال",ammani,positive,medium
456,"أخيرا خلصت ترتيب غرفتي، صارت تشبه اللي بالصور",ammani,positive,high
457,"الطالب اللي كنت بساعده نجح، فرحان فيه كأنه ابني",ammani,positive,high
458,"صاحبي أجى يزورني بالمفاجأة ومعه منسف، يوم ما بنساه",ammani,positive,high
459,"حكيت مع أهلي بالفيديو، شوقني أشوفهم",ammani,positive,high
460,"المشروع اللي كنت خايف منه مشى تمام، الحمد لله",ammani,positive,high
461,"اليوم ما في دوام وأنا مرتاح بالبيت، نعمة",ammani,positive,high
462,"وصلت قبل الازدحام اليوم، حاسس يوم محظوظ",ammani,positive,high
463,"رفقاتي كلهم اجتمعنا بعد فترة، فرحة ما بتوصف",ammani,positive,medium
464,صاحبي وعدني يساعدني بالنقل ووفى بوعده,ammani,positive,high
465,"خلصت تسديد آخر قسط، أخيرا",ammani,positive,low
466,"العروسة لبست الفستان وكانت كالقمر، فرح ما بيوصف",ammani,positive,high
467,رجعت من الرحلة بذكريات جميلة وصور حلوة,ammani,positive,medium
468,الكورس اللي خذته اشتغل معي بالشغل من أول يوم,ammani,positive,high
469,"قدرت أصلح الجهاز بنفسي بعد ما شفت فيديو، وفرت مصاري",ammani,positive,medium
470,الأقساط خفت هالشهر بعد ما دفعت مبلغ إضافي,ammani,positive,high
471,"صحيت على صوت المطر الحلو، أحلى إيقاظ",ammani,positive,high
472,"الدكتور قالي صحتك ممتازة، استمر هيك",ammani,positive,high
473,"أخيرا عملوا دوار بدل الإشارة، الأزمة خفت شوي",ammani,positive,medium
474,خلصت حفظ السورة اللي كنت بذاكرها من أسبوع,ammani,positive,high
475,الخضار اليوم طازجة وأسعارها منيحة بالسوق,ammani,positive,high
476,"رحت مشيت ساعة وصورت غروب الشمس على عمان، جميلة",ammani,positive,high
477,"صاحبي دفع الحساب بدون ما أحس، ما شاء الله",ammani,positive,high
478,"أخوي وصله خبر منحة، الله يوفقه ويكملها",ammani,positive,high
479,"عيلتنا كلها بصحة وعافية، الحمد لله",ammani,positive,high
480,"رجعنا من الرحلة بأفضل مما توقعنا، ممتازة",ammani,positive,high
481,صاحبتي أوصتني على كتاب غير حياتي,ammani,positive,medium
482,"الباص وصل بالضبط على الوقت، نادر بعمان",ammani,positive,high
483,"لقيت دواي في أقرب صيدلية، ما اضطريت أدور",ammani,positive,medium
484,"المقهى الجديد فيه هدوء ما توقعته، رح أرجعله",ammani,positive,low
485,"وجدت كيس مصاري قديم بجيبة معطف، مفاجأة حلوة",ammani,positive,medium
486,"الحكومة أعلنت عطلة إضافية، يوم مبارك",ammani,positive,medium
487,"الولاد نامو بدري اليوم، قدرت أرتاح شوي",ammani,positive,medium
488,"وصل موسم العنب، ما في أحلى من عنب الأردن",ammani,positive,high
489,"صاحبي دخل الجامعة اللي بده ياها، مبروك عليه",ammani,positive,high
490,"اليوم شربت قهوة وقرأت بهدوء، أحلى صباح",ammani,positive,high
491,"وجدت سواقة تخفيض على الاشتراك السنوي، ما فوّت",ammani,positive,medium
492,"الاجتماع كان قصير ومفيد، كيف يكون هيك دايما",ammani,positive,high
493,"صاحبي أجى ومعه عرايس للأولاد، فرحوا كتير",ammani,positive,high
494,"خلصت مهمة كانت مركبة علي من أسبوع، ارتحت",ammani,positive,high
495,رحلة البحر الميت كانت راحة حقيقية,ammani,positive,medium
496,أخيرا وصلت شحنة الكتب من بره,ammani,positive,high
497,اليوم صحيت مبكر وخلصت شغلي كله قبل الظهر,ammani,positive,high
498,"طبخت لأول مرة مقلوبة وطلعت تمام، انبسطت من حالي",ammani,positive,low
499,"لقيت وظيفة بجانب بيتي، ما رح أضطر أروح بعيد",ammani,positive,high
500,"الطفل الصغير بدأ يحكي كلمات جديدة، ما شاء الله",ammani,positive,medium
501,أخيرا اشتريت الكتاب اللي من زمان بدي إياه,ammani,positive,low
502,"وصلت إيميل ترقية من الشركة، ما توقعت يصير هيك",ammani,positive,medium
503,صاحبي رجع من السفر وجاب معي هدية من بره,ammani,positive,low
504,"نجح أخوي الصغير بالبيبسي، فخور فيه",ammani,positive,high
505,"السوبرماركت كان فاضي الصبح بدري، خلصت بسرعة",ammani,positive,high
506,الصيانة خلصت بيوم واحد مش ثلاثة كما قالوا,ammani,positive,high
507,"أمي اتصلت فجأة وسألتني عن حالي، حاسس بدفا",ammani,positive,medium
508,مشيت نص ساعة على الرصيف وارتحت نفسيا,ammani,positive,medium
509,صاحبتي شاركتني فيديو حلو غير يومي,ammani,positive,high
510,خلصت مشروع التخرج وقدمته بوقته,ammani,positive,low
511,"الراتب طلع مع علاوة السنة، الحمد لله",ammani,positive,high
512,"اشتريت نبتة جديدة للبيت، البيت صار أحلى",ammani,positive,high
513,"رحلة اليوم على جرش كانت ممتازة، مناخ حلو",ammani,positive,high
514,وجدت مرجع قديم كنت دوور عليه من سنة,ammani,positive,high
515,الامتحان انتهى وحاسس كنت مستعد كتير,ammani,positive,low
516,أخيرا لقيت دكتور كويس ما بيأخر,ammani,positive,high
517,الولاد ناموا مبكر واليوم خلصت شغلي كامل,ammani,positive,low
518,صاحبي جاء يساعدني بالتصليح بدون ما أطلب,ammani,positive,medium
519,"صحيت الصبح وعندي شمس وبرد خفيف، أجمل مزيج",ammani,positive,medium
520,خلصت الفلوس الشهر هذا بحساب منيح,ammani,positive,high
521,وصلتني رسالة إنهم اختاروا تصميمي,ammani,positive,high
522,"أكلنا تبولة وحمص وخبز طازج، أحلى غدا",ammani,positive,medium
523,الولد الكبير بدأ يساعد بالبيت بدون ما نطلب منه,ammani,positive,high
524,المطر نزل على عمان وريحته تملي القلب,ammani,positive,high
525,"الجيران دعونا على غداء، ناس طيبين",ammani,positive,high
526,"بعد سنين رجعت أمارس رياضة المشي، بدأ بالأمل",ammani,positive,medium
527,خلصنا الشقة وصارت أحلى مما تخيلنا,ammani,positive,medium
528,وجدت وقت أقرأ بعد ما غبت عن القراءة سنة,ammani,positive,medium
529,"رحنا نقطف فراولة بالضفة، تجربة ما نسيتها",ammani,positive,medium
530,"أكلت منسف حقيقي بالكرك، فرق كبير",ammani,positive,high
531,"الشركة أعطتنا يوم عمل من البيت، استمتعت",ammani,positive,high
532,"صاحبي ربح جائزة بمسابقة، يستاهل والله",ammani,positive,high
533,"اليوم أخوي طبخ، أنا ارتحت من المطبخ",ammani,positive,medium
534,"وصلتني هدية من صديقة قديمة بالبريد، فرحت",ammani,positive,medium
535,"الجو بدأ يعتدل، وقت المشي الحلو رجع",ammani,positive,high
536,المدرب الجديد بالجيم كفو وبيشرح منيح,ammani,positive,high
537,"وجدت مقهى هادي وفيه كتب، مكاني الجديد",ammani,positive,high
538,"أخيرا اشتريت طاولة للشغل من البيت، ارتحت",ammani,positive,medium
539,الخبز الطازج من الفرن الصبح ما في زيه,ammani,positive,high
540,"خلصت من كل مشاكل الأوراق دفعة واحدة، الحمد لله",ammani,positive,high
541,صاحبتي حكتلي خبر سار ما توقعته,ammani,positive,high
542,"اليوم أول أيام الربيع، عمان بتتبهج",ammani,positive,medium
543,"رحنا على العقبة لأول مرة، البحر كان أحلى مما توقعنا",ammani,positive,high
544,"شفت فيلم قديم ما شفته من صغري، استمتعت",ammani,positive,high
545,وصل فصل الربيع وأمي بتزرع في الحديقة,ammani,positive,medium
546,خلصت المقالة اللي كنت عم أكتبها من أسبوعين,ammani,positive,high
547,"الطبيب قال إن التحسن واضح، استمر هيك",ammani,positive,high
548,"صاحبي جاب معه مناقيش من الفرن، صحينا عليها",ammani,positive,high
549,"أمي وأبوي بصحة وعافية، أغلى نعمة",ammani,positive,low
550,وصلتني فلوس الكاشباك من آخر شراء,ammani,positive,high
551,"بعد أسبوع ضغط خلصت كل شي، نفسي رجع",ammani,positive,high
552,"الجمعة كانت هادية بالبيت، ارتحنا كلنا",ammani,positive,high
553,لقيت حل سريع لمشكلة ما حلت من أسبوع,ammani,positive,low
554,وجدت وظيفة بنفس التخصص وراتب أحسن,ammani,positive,medium
555,صاحبي ساعدني في الشغل من دون ما يتكلم عنها,ammani,positive,high
556,"رحنا على البلد القديم، البيوت الحجرية حلوة",ammani,positive,high
557,الكتاب وصل من الموقع بوقته بدون تأخير,ammani,positive,high
558,رجعت رفقتي من الغربة والقعدة كانت أحلى قعدة,ammani,positive,medium
559,اليوم اشتريت شي بسيط بس ما توقعت يفرحني هيك,ammani,positive,high
560,وجدت مواد دراسية مجانية أون لاين ممتازة,ammani,positive,high
561,أخيرا حجزت موعد الطبيب اللي ما قدرت أوصل له,ammani,positive,high
562,الشركة وافقت على طلب الإجازة من أول مرة,ammani,positive,high
563,"طلعلي خطأ بالتقرير بعد ما سلمته للمدير، محرج",ammani,negative,high
564,الشارع مقطوع من الصبح وما في بديل واضح,ammani,negative,high
565,"الكاشير غلط بالحساب وأنا ما حسيت، اكتشفت بعدين",ammani,negative,high
566,تأخرت على الطيارة بسبب الزحمة على الطريق الجوي,ammani,negative,high
567,اشتريت جهاز جديد ووقف من أول أسبوع,ammani,negative,high
568,"ما في ماء ساخن من الصبح، مو كويس لأجل الولاد",ammani,negative,high
569,رحت اشتريت أغراض وانكسرت الكيس بالطريق,ammani,negative,high
570,الانترنت بطيء جدا منذ أسبوع وما في حل,ammani,negative,medium
571,"وقعت ووجعت ركبتي، مش ناقصة هاي",ammani,negative,high
572,الأكل كان مو منيح وما قدرت أرجعه,ammani,negative,medium
573,حكيت مع خدمة العملاء ثلاث مرات وما حلوا مشكلتي,ammani,negative,medium
574,"الجو حار وما في كهربا من ثلاث ساعات، ما طاق",ammani,negative,high
575,اكتشفت إن الدواء ما صالح لحالتي بعد أسبوعين,ammani,negative,low
576,"صاحبي وعد يجي ولا جاء، زعلت منه",ammani,negative,high
577,الأجار ارتفع والمالك ما بده يفاوض أبدا,ammani,negative,high
578,رحت اشتغل من المقهى وما في واي فاي يشتغل,ammani,negative,high
579,طلبت شي من المطعم وجاء ناقص نص الطلب,ammani,negative,medium
580,عندي صداع من الصبح وما نفع الدواء,ammani,negative,medium
581,"انقطع الكهربا ليلة الامتحان الكبير، أعصابي راحت",ammani,negative,high
582,الموعد اللي حجزته إلغي بدون إشعار,ammani,negative,medium
583,ما لقيت بارقينج ودرت نص ساعة عالفاضي,ammani,negative,high
584,رحت على الإدارة وقالوا الموظف مش موجود,ammani,negative,high
585,"كسرت كوباية المحبوبة عندي، ما عندها بديل",ammani,negative,medium
586,الحرارة ارتفعت والمكيف ما يبرد كفاية,ammani,negative,medium
587,جاء الفني بدأ الصيانة وطلع ما معه الأدوات,ammani,negative,medium
588,زميلي أخذ الفضل على شغلي قدام المدير,ammani,negative,high
589,حجزت في فندق وما كانت الغرفة كما بالصور,ammani,negative,medium
590,الولاد تشاجروا طول اليوم وما في راحة,ammani,negative,medium
591,طلعلي غرامة على موقف وأنا ما انتبهت للإشارة,ammani,negative,low
592,ما في ماي بالحنفية من الصبح وما في خبر,ammani,negative,medium
593,رجعت من رحلة طويلة ومتعبة ووجدت البيت فوضى,ammani,negative,low
594,زميلي غاب ونزلت عليّ شغلته كلها,ammani,negative,high
595,الصيدلية مسكرة وأنا محتاج الدواء هسا,ammani,negative,medium
596,"ضاعت مني محفظتي، والحمد الله ما فيها كتير",ammani,negative,medium
597,الكمبيوتر ما بده يشتغل الصبح وعندي اجتماع,ammani,negative,high
598,"طلعلي فاتورة على شي ما اشتريته، لازم أتصل",ammani,negative,high
599,دفعت كتير على صيانة السيارة وما اتصلح الموضوع,ammani,negative,high
600,ما قدرت أرد على رسائل مهمة من كثر ضغط الشغل,ammani,negative,medium
601,الرحلة تأخرت ثلاث ساعات بدون سبب,ammani,negative,high
602,تذكرة الحفلة كانت مزورة واكتشفنا عند الباب,ammani,negative,medium
603,ما في ماء ساخن بالفندق وأنا دفعت كتير,ammani,negative,high
604,"كسرت كوباية أمي المحبوبة بطريق الخطأ، زعلت",ammani,negative,medium
605,الموظف تعامل معي بشكل مو محترم,ammani,negative,high
606,رحت على المطعم وكان مسكر بدون إشعار على الموقع,ammani,negative,high
607,ضاع مني وقت كتير على مشكلة كانت حلها سهل,ammani,negative,medium
608,الطقس الحار والازدحام خلوني وصل متأخر ومتعب,ammani,negative,high
609,ما عندي حوصلة هاليوم على أي شي,ammani,negative,high
610,صاحبي مو بيرد على رسائلي من أمبارح,ammani,negative,medium
611,المعاملة رجعت علي ناقصة ورقة ما حدا قالي عنها,ammani,negative,high
612,ما قدرت أنام الليلة من كثر ما في على بالي,ammani,negative,medium
613,الموبايل ما معه شحن وما لقيت كيبل,ammani,negative,high
614,جاء الكهربائي ونظر وقال ما أقدر أصلح هسا,ammani,negative,high
615,"ما فضل معي مصاري آخر الشهر، يوم صعب",ammani,negative,medium
616,وقع الأكل على هدومي وأنا رايح على اجتماع,ammani,negative,high
617,ما قدرت أركز بالمحاضرة من كثر الضجيج,ammani,negative,high
618,حجزت مطعم وما لقيت طاولتنا محجوزة,ammani,negative,medium
619,الدواء خلص من البيت وما في وقت أروح الصيدلية,ammani,negative,high
620,تخيل الرسالة المهمة راحت على السبام,ammani,negative,high
621,خطيت غلط وقلت شي لصاحبي وزعل مني,ammani,negative,medium
622,الماء البارد خلص وأنا تعبان بالحر,ammani,negative,high
623,السيارة ما شغلت الصبح وعندي موعد مهم,ammani,negative,high
624,الطابور بالدائرة طوووول وما عندي صبر اليوم,ammani,negative,low
625,وجعت ظهري من الجلوس الطويل على الكمبيوتر,ammani,negative,high
626,اكتشفت إن الفستان اللي اشتريته فيه عيب بعد ما رحت البيت,ammani,negative,high
627,الأزمة على شارع الأردن كانت ما بتصدق اليوم,ammani,negative,high
628,ما في جواب على طلب تقدمت له من ثلاثة أسابيع,ammani,negative,low
629,"الدكتور قالي لازم أعمل تحاليل إضافية، ما توقعت",ammani,negative,high
630,بالليل سمعت صوت غريب من الشارع ما نمت,ammani,negative,medium
631,"رجعت البيت ولقيت الباب مفتوح، خفت شوي",ammani,negative,high
632,وقفت ساعة بالدور وبعدين قالوا النظام وقف,ammani,negative,high
633,دفعت كتير على حجز وبعدين الغوا البرنامج,ammani,negative,high
634,ما وجدت واي فاي بالمطار وعندي شغل أخلصه,ammani,negative,medium
635,صحيت متأخر وفاتتني محاضرة مهمة,ammani,negative,high
636,اكتشفت إن صاحبي حكى عني بطريقة مش تمام,ammani,negative,medium
637,الحساب غلط بالمطعم وأنا ما انتبهت بالوقت,ammani,negative,high
638,"رجعت من سفرة وما في أكل بالبيت، رحت أطلب توصيل",ammani,negative,high
639,ما قدرت أحضر فرح صاحبي لأسباب خارجة عن إرادتي,ammani,negative,low
640,اليوم بدي أخلص ورقة بحثية متأخرة,ammani,neutral,medium
641,سمعت إن في إضراب سواقين باص غدا,ammani,neutral,high
642,"بدي أغير مزود خدمة الانترنت، مين تجربتكم",ammani,neutral,high
643,الجامعة بدأت تطبيق نظام حضور إلكتروني جديد,ammani,neutral,high
644,في إعلان عن معرض وظائف نهاية الشهر بعمان,ammani,neutral,medium
645,بدي أشتري هدية لصاحبي عيد ميلاده الأسبوع الجاي,ammani,neutral,high
646,شو رأيكم بالسكن بالجبيهة قرب الجامعة,ammani,neutral,medium
647,الأجار بعمان ارتفع كتير هالسنة مقارنة بالسنة اللي قبلها,ammani,neutral,medium
648,بفكر أبيع سيارتي القديمة وآخذ واحدة ثانية,ammani,neutral,medium
649,سمعت إن في مطعم مكسيكي جديد بالتلاع العلي,ammani,neutral,low
650,"بدي أتعلم لغة ثالثة، مش عارف من وين أبدأ",ammani,neutral,high
651,"اليوم عندي تسليم مشروع وبكرا امتحان، أسبوع ضاغط",ammani,neutral,medium
652,الحي اللي نسكن فيه بدأ يتوسع بناياته بشكل ملحوظ,ammani,neutral,high
653,في ورشة عمل مجانية بجامعة الأردن الجمعة القادمة,ammani,neutral,medium
654,"بدي أسجل ابني بنادي رياضي، مين بيعرف نادي كويس",ammani,neutral,high
655,تغيرت ساعات الدوام بعد القرار الجديد,ammani,neutral,high
656,"بفكر أتقدم على منحة دراسية، شو المطلوب",ammani,neutral,low
657,الزحمة على دوار الداخلية مو طبيعية هالفترة,ammani,neutral,high
658,شو أفضل برنامج لتعلم اللغة الإنجليزية أونلاين,ammani,neutral,medium
659,"بدي أزور متحف الأردن قريبا، مين جربه",ammani,neutral,high
660,"الطقس هالأيام متقلب كتير، مش عارف شو البس",ammani,neutral,high
661,في تحديث جديد على نظام الخدمات الحكومية الإلكترونية,ammani,neutral,high
662,"بدي أسافر للعقبة الصيف، شو أحسن وقت",ammani,neutral,medium
663,صاحبتي بتسأل عن أفضل دكتور نساء بعمان,ammani,neutral,high
664,ما عارف إذا أشتري بيت أو أكمل بالإيجار,ammani,neutral,high
665,قرأت إن عمان جزء من مشروع تحديث الشبكة الكهربائية,ammani,neutral,high
666,الطلاب اليوم بيحكوا كتير عن موضوع الذكاء الاصطناعي بالجامعة,ammani,neutral,high
667,"بفكر أعمل دراسة جدوى لمشروع صغير، من وين أبدأ",ammani,neutral,low
668,"بعمان ما في محلات تأجير دراجات كافية، شو رأيكم",ammani,neutral,high
669,في برنامج حكومي جديد لدعم المشاريع الصغيرة,ammani,neutral,medium
670,شو أفضل طريق للوصول لمجمع عمان مول بأقل ازدحام,ammani,neutral,high
671,ما عارف أحجز فندق أو شقة مفروشة للإجازة,ammani,neutral,high
672,صاحبي عنده مشكلة بالإقامة وبيسألني عن الإجراءات,ammani,neutral,medium
673,يوم الجمعة في سوق للتراث والحرف اليدوية بوسط البلد,ammani,neutral,high
674,"بدي أبدأ مشروع تصوير، مين بيعرف مكان كويس بعمان",ammani,neutral,high
675,"تغير وقت الصلاة للشتا، لازم نتذكر",ammani,neutral,low
676,رحنا نتغدى خارج اليوم لأول مرة من فترة,ammani,neutral,high
677,"بفكر أتطوع بمبادرة محلية، شو بتنصحوني",ammani,neutral,medium
678,"الغاز ارتفع هالشهر، أثر على مصروف البيت",ammani,neutral,high
679,سمعت إن الجمعة في مسيرة بوسط البلد,ammani,neutral,high
680,"بدي أشتري لابتوب جديد للدراسة، شو الأفضل بالسعر",ammani,neutral,high
681,"عندنا لقاء عيلة الجمعة، بدي أجهز شي آجيب معي",ammani,neutral,high
682,"اليوم كان في درس ديني بالمسجد قرب البيت، حضرت",ammani,neutral,medium
683,بفكر أغير روتيني اليومي لأبدأ الصبح بشكل مختلف,ammani,neutral,high
684,صاحبي بيسألني عن أفضل مناطق بعمان للسكن,ammani,neutral,high
685,الأسعار ارتفعت على كل شي هالفترة بشكل واضح,ammani,neutral,high
686,بعمان في كتير أماكن ما كشفتها لسا,ammani,neutral,high
687,اليوم اجتمع الفريق لأول مرة من فترة طويلة,ammani,neutral,medium
688,بدي أبدأ أحضّر لامتحان الشهادة المهنية,ammani,neutral,medium
689,سمعت إن في تطبيق جديد للنقل العام بعمان,ammani,neutral,high
690,في معرض سيارات بالمعرض الدولي هالأسبوع,ammani,neutral,high
691,"رح أروح أزور الجد والجدة الجمعة، ما شفتهم من شهر",ammani,neutral,high
692,الجو هالأيام مناسب للمشي الصبح قبل ما يحمى,ammani,neutral,high
693,"بدي أغير سيارتي، مين بيعرف معارض موثوقة",ammani,neutral,low
694,ما عارف إذا أكمل دراستي أو أشتغل هالفترة,ammani,neutral,high
695,بعمان ما في مكان كافي للأطفال يلعبوا فيه,ammani,neutral,medium
696,صاحبي بيسألني عن كورسات تدريبية بالمجال الإداري,ammani,neutral,high
697,سمعت إن في تحديثات جديدة على قانون العمل,ammani,neutral,high
698,يوم الخميس في فعالية ثقافية بمكتبة عبدالحميد شومان,ammani,neutral,high
699,رح أروح أجدد بطاقة التأمين الصحي,ammani,neutral,high
700,"بفكر أعمل حفلة صغيرة بالبيت، شو تنصحوني أطبخ",ammani,neutral,high
701,هاي الفترة كتير ناس بتسأل عن مشاريع الطاقة الشمسية,ammani,neutral,high
702,الأخبار الاقتصادية مو مريحة هالأيام بشكل عام,ammani,neutral,high
703,"بفكر أغير مجال شغلي بعد سنين، قرار صعب",ammani,neutral,medium
704,شو رأيكم بالتعليم الخاص مقابل الحكومي بالأردن,ammani,neutral,medium
705,سمعت إن في إعادة تخطيط لبعض شوارع عمان,ammani,neutral,medium
706,بدي أتعلم كيف أعمل ميزانية شهرية صح,ammani,neutral,medium
707,"في اجتماع أبواء بالمدرسة بكرا، رح أحضر",ammani,neutral,medium
708,بدي أروح أشوف إذا في شقق بالإيجار بالقرب منا,ammani,neutral,high
709,"رحنا اليوم على سوق الجمعة، بنزور كل فترة",ammani,neutral,high
710,"بفكر آخذ دورة في إدارة الوقت، بحتاجها فعلا",ammani,neutral,medium
711,ما عارف وين أسجل ابني بدروس قرآن,ammani,neutral,medium
712,سمعت إن في ترقية للطريق الواصل بين عمان والزرقا,ammani,neutral,high
713,في فعالية للكتاب بمكتبة البلدية هالأسبوع,ammani,neutral,medium
714,"بدي أشتري كاميرا جديدة للتصوير، شو تنصحوني",ammani,neutral,high
715,كل يوم بصحى بقرأ الأخبار وما بعرف كيف أحلل,ammani,neutral,medium
716,"صاحبتي رح تفتح مشروعها الخاص، بسألتني رأيي",ammani,neutral,high
717,"بدي أروح على السوق القديم، ما زرته من سنين",ammani,neutral,high
718,قرأت عن مشروع تحسين البنية التحتية بعمان,ammani,neutral,low
719,الجمعة في لقاء للمهتمين بريادة الأعمال بعمان,ammani,neutral,high
720,ما عارف إذا أبدأ بتعلم البرمجة أو التصميم,ammani,neutral,medium
721,"كل يوم الصبح نفس الروتين، بفكر أغيره",ammani,neutral,medium
722,بدي أحضر دورة اللغة الإنجليزية بدوام مسائي,ammani,neutral,high
723,سمعت إن الخط الجديد للباص السريع سيشمل صويلح,ammani,neutral,high
724,كل سنة بتجي فاتورة الكهربا صيفا وتفاجئني,ammani,neutral,high
725,في نشاط رياضي تطوعي بالحديقة كل جمعة صبح,ammani,neutral,low
726,بدي أزور مطعم من القديم ما رحت عليه من سنين,ammani,neutral,medium
727,بفكر أشارك بمشروع تطوعي مجتمعي قرب بيتنا,ammani,neutral,high
728,صاحبي بيسألني شو الوثائق المطلوبة لفتح سجل تجاري,ammani,neutral,medium
729,اليوم راح أجلس مع أهلي بالسهرة بدون موبايل,ammani,neutral,high
730,ما عارف إذا أجدد الكورس اللي أنا فيه أو أغير,ammani,neutral,high
731,"بفكر أطور مهاراتي بالاكسل، محتاجها بالشغل",ammani,neutral,high
732,سمعت إن مجمع كبير جديد رح يفتح بعمان الشرقية,ammani,neutral,medium
733,صاحبي بسألني عن التقدم على وظيفة حكومية,ammani,neutral,high
734,في معرض فني بمتحف الفن الأردني نهاية الشهر,ammani,neutral,high
735,رح أزور صاحبتي اللي ما شفتها من الجامعة,ammani,neutral,high
736,"بدي أشتري أثاث للشقة الجديدة، شو أفضل مكان",ammani,neutral,high
737,ما عارف وين أقضي عطلة نهاية الأسبوع هالمرة,ammani,neutral,high
738,يوم الجمعة في لقاء مع رفقاء قديمين من المدرسة,ammani,neutral,medium
739,"بفكر أسجل بنادي قراءة، في واحد قرب بيتنا",ammani,neutral,high
740,"هاد الأسبوع مليان ارتباطات، ما في وقت لنفسي",ammani,neutral,medium
741,بعمان ما عارف وين أروح أصلي صلاة العيد,ammani,neutral,high
742,"ختمت القرآن الكريم اليوم، الحمد لله حمدا كتيرا",ammani,positive,high
743,"صاحبي زارني بالمستشفى وأنا ما توقعت، حاسس بدفا",ammani,positive,low
744,"ابنتي رسمت لي صورة، أحلى هدية",ammani,positive,high
745,"وصلت الهدية لأمي وفرحت فيها كتير، انبسطت",ammani,positive,medium
746,"اليوم قضيت وقت بالحديقة، ارتحت من كل شي",ammani,positive,medium
747,"صاحبي وصل بأمان من السفر الطويل، الحمد لله",ammani,positive,medium
748,عرفت أحل مشكلة تقنية كانت تأرقني من أسبوع,ammani,positive,high
749,"وصلني تعليق إيجابي على مشروعي، شجعني كتير",ammani,positive,high
750,"رحت مع أبوي على السوق القديم، ذكريات ما بتنساها",ammani,positive,medium
751,"شربت شاي بالمرمية على البلكونة وعمان قدامي، أحلى لحظة",ammani,positive,low
752,"الولاد ناموا بسرعة الليلة، قدرت أرتاح بكير",ammani,positive,medium
753,"أخيرا انتهى الترميم بالمنزل، صار أجمل",ammani,positive,high
754,"خلصت آخر قسط بالقرض اليوم، حرية",ammani,positive,high
755,بعد طول انتظار وصلتني الموافقة,ammani,positive,high
756,"جدتي بخير وصحتها تحسنت، الحمد لله",ammani,positive,medium
757,صاحبي دعاني على فطور كامل دون مناسبة,ammani,positive,high
758,اليوم الصبح صحيت بدون منبه وكنت مرتاح تماما,ammani,positive,high
759,"رحلتنا كانت أحلى من المتوقع، رجعنا شاكرين",ammani,positive,high
760,ابني أول مرة يركب دراجة بدون عجلات مساعدة,ammani,positive,high
761,أمي طبخت لي طبخة مفضلتي بدون ما أطلب,ammani,positive,high
762,وصلتني رسالة تهنئة من شخص ما توقعت يهتم,ammani,positive,high
763,أخيرا لقيت شغل بتخصصي بعد بحث طويل,ammani,positive,medium
764,الحفلة كانت منظمة بشكل ممتاز وكلنا انبسطنا,ammani,positive,high
765,وجدت كتاب قيم كنت دوور عليه في بازار الكتب,ammani,positive,medium
766,"رجعت للرياضة بعد انقطاع، أول يوم دايما أصعب",ammani,positive,high
767,الشركة قررت تحسين الراتب من الشهر الجاي,ammani,positive,high
768,صاحبي اعتذر بشكل صادق وعدنا لطبيعتنا,ammani,positive,high
769,وصلت بأمان من رحلة طويلة وأهلي مستنيني,ammani,positive,medium
770,خلصنا دراسة الكتاب الكبير في حلقة الأسبوع,ammani,positive,high
771,الطقس اليوم مثالي للجلسة على الشرفة,ammani,positive,medium
772,أخيرا اتصل فيّ بعد ما انقطع التواصل,ammani,positive,high
773,"الأولاد في أفضل صحة هالفصل، الحمد لله",ammani,positive,high
774,وجدت فرصة تدريب مدفوعة في مجالي,ammani,positive,medium
775,صاحبي ساعدني بالتحضير للمقابلة بشكل رائع,ammani,positive,high
776,"خلصنا رحلة العائلة السنوية، ذكريات حلوة",ammani,positive,low
777,"قبلوني بالبرنامج التدريبي الدولي، ما صدقت",ammani,positive,high
778,وجدت حل بسيط لمشكلة كنت معقدها,ammani,positive,high
779,المشروع الصغير اللي بدأته بدأ يجيب نتائج,ammani,positive,high
780,"رحنا نزرع أشجار مع العيلة، يوم جميل",ammani,positive,high
781,"الصبح صحيت وعندي طاقة، نادر يصير هيك",ammani,positive,medium
782,ابنتي فازت بالمسابقة الرياضية المدرسية,ammani,positive,high
783,وصلني تعليق من أستاذ يمدح مستواي,ammani,positive,high
784,أخيرا وصل الشتا الحقيقي لعمان مع مطر,ammani,positive,high
785,"صاحبتي أهدتني كتابها المفضل، هدية من القلب",ammani,positive,high
786,نجح مشروع الخير اللي شاركنا فيه معا,ammani,positive,high
787,زرت أماكن تراثية بعمان ما زرتها من قبل,ammani,positive,medium
788,وجدت دكتورا أمينا وشرحلي وضعي بصدق,ammani,positive,high
789,"أخوي الصغير بدأ يحكي كلمات جديدة، ما شاء الله",ammani,positive,high
790,اليوم خلص دوام بكير واستمتعت بوقت حر,ammani,positive,high
791,نجحت في أول عرض تقديمي قدامي مدراء كبار,ammani,positive,high
792,صاحبي كافأني هدية على مساعدتي له,ammani,positive,medium
793,اليوم وصلنا على رأس الجبل وشفنا عمان كلها,ammani,positive,medium
794,"أمي تعافت من الزكمة وعادت طبيعية، الحمد لله",ammani,positive,high
795,كسبنا النقاش الصعب بالاجتماع بهدوء,ammani,positive,medium
796,وجدت ترقية على موبايل اللاستخدام بسعر رائع,ammani,positive,medium
797,اليوم وصلت السفارة بوقت وخلصت ورقة مهمة,ammani,positive,high
798,أخيرا رجع صوتي بعد أسبوع من الزكمة,ammani,positive,high
799,صاحبتي أرسلت لي رسالة تشجيع في وقتها تماما,ammani,positive,high
800,خلصنا إصلاح سقف البيت قبل الشتا بيوم,ammani,positive,high
801,أخيرا وجدت صيدلية تشتغل ليلا قرب بيتنا,ammani,positive,high
802,وصلني إيميل قبول بعد أسبوعين من الانتظار,ammani,positive,high
803,ابنتي قرأت كتابها الأول كاملا بمفردها,ammani,positive,high
804,قررنا الرحلة بيوم وطلعت ممتازة رغم التسرع,ammani,positive,high
805,أمي فرحت بزيارتي فجأة أكتر مما توقعت,ammani,positive,high
806,الجيران ساعدونا بشيء صعب من دون أن نطلب,ammani,positive,high
807,"اليوم الشمس بعد غيوم، عمان بتبسم",ammani,positive,high
808,نجح تطبيقي الأول وأحد استخدمه وأعجبه,ammani,positive,high
809,صاحبي أخذني معه برحلة لم أخطط لها وكانت رائعة,ammani,positive,high
810,"خلصنا طبخ العيد كله باكرا، مرتاحين",ammani,positive,high
811,"وجدت مقعد بالمواصلات وأنا متعب، نعمة",ammani,positive,low
812,أخيرا رجع إنترنتنا بعد أسبوع من الانقطاع,ammani,positive,medium
813,"الأستاذ مدحني أمام زملائي، انبسطت كتير",ammani,positive,medium
814,صاحبي وصل بأمان من مغامرة طويلة,ammani,positive,high
815,وجدت حضانة كويسة وأسعارها مناسبة قرب بيتنا,ammani,positive,high
816,خلصت الاجتماع مبكرا ورجعت أشوف ولادي,ammani,positive,medium
817,نجحت بامتحان القيادة من المرة الثانية أخيرا,ammani,positive,high
818,أول ما صحيت الصبح وجدت رسالة طيبة من أهلي,ammani,positive,high
819,خلص الشتا وبدأت أولى أيام الربيع بعمان,ammani,positive,high
820,صاحبي اختارني أشاركه في يوم مهم بحياته,ammani,positive,medium
821,وجدت محل قهوة مختصة جديد بحي قرب بيتي,ammani,positive,high
822,"أمي طبخت الكنافة بنفس طريقة جدتي، والله حلوة",ammani,positive,high
823,خلصت مهمة كبيرة قبل الموعد بيوم,ammani,positive,high
824,"الجيران الجدد أحضروا معهم تمر وقهوة، ناس أصيلة",ammani,positive,low
825,"اليوم رحت المسجد وصليت بهدوء، ارتحت نفسيا",ammani,positive,high
826,وجدت كتاب نادر في بازار الكتب المستعملة,ammani,positive,high
827,"صاحبي استلم شقته الجديدة، الله يبارك فيه",ammani,positive,high
828,"أكلنا تحت الشجرة في الحديقة، أحلى وجبة",ammani,positive,low
829,خلصنا البناء أخيرا وانتقلنا للبيت الجديد,ammani,positive,high
830,أبوي فخور فيّ بعد ما شاف نتائجي,ammani,positive,high
831,وصلتني هدية مفاجئة من أهلي بالعيد,ammani,positive,medium
832,أمي حضّرت قهوتي الصبح قبل ما أطلبها,ammani,positive,medium
833,صاحبي وصله قبول من جامعة مرموقة برا,ammani,positive,high
834,"صاحبتي رجعت سالمة من رحلة طويلة، الحمد لله",ammani,positive,high
835,"رحنا على وادي الموجب، طبيعة ما شاء الله",ammani,positive,high
836,خلصنا رسم الغرفة وطلعت أحلى مما تخيلنا,ammani,positive,low
837,وجدت وظيفة بنفس التخصص وقريبة من بيتي,ammani,positive,high
838,ابني أكل وحده اليوم للمرة الأولى,ammani,positive,high
839,أبوي أشكرني قدام الكل على اجتهادي,ammani,positive,high
840,شفت صديق من المدرسة ما شفته من خمسة عشر سنة,ammani,positive,high
841,ما طلع راتبي لليوم وهو متأخر أسبوع,ammani,negative,high
842,"انكسر شي ثمين عندي بالحادثة، زعلت كتير",ammani,negative,high
843,الانتظار بالعيادة كان ثلاث ساعات وما استاهلت,ammani,negative,high
844,المطر دخل من نافذة البيت وبلل غرفة كاملة,ammani,negative,high
845,ما لقيت مكان أجلس فيه بالمكتبة في آخر الترم,ammani,negative,medium
846,انقطع الماء من الصبح وما في معلومة عن رجوعه,ammani,negative,high
847,"الجيران ما سكتوا الليل كله، ما نمت",ammani,negative,high
848,ضاع وقتي كله بمعاملة كان ممكن تخلص بيوم,ammani,negative,medium
849,صاحبي وعد يساعدني ورجع بعذر بآخر لحظة,ammani,negative,high
850,ما قدرت آكل الغدا من كثر ضغط الشغل,ammani,negative,medium
851,الاجتماع أخذ ساعتين زيادة وأنا ما معي طاقة,ammani,negative,high
852,كسرت نظارتي الجديدة بعد أسبوع من شرائها,ammani,negative,low
853,اشتكيت من مشكلة وما حدا اهتم يحلها,ammani,negative,high
854,رحت على الصيدلية وهي مسكرة رغم إنها مكتوب إنها مفتوحة,ammani,negative,high
855,الراتب مش كافي من البداية وهاد الشهر أصعب,ammani,negative,high
856,ضيعت مفاتيح البيت وما لقيتها لحد هسا,ammani,negative,high
857,وقفت تاكسي ورفض يوصلني بحجة إن المكان بعيد,ammani,negative,high
858,المبرد خرب في أشد أيام الحر,ammani,negative,high
859,ما قدرت أحضر مناسبة مهمة بسبب ظروف خارجة عن إرادتي,ammani,negative,high
860,عملوا حفرة بالشارع من ثلاثة أشهر ولسا ما سكروها,ammani,negative,medium
861,الكيس انشق وراحت كل الأغراض على الأرض,ammani,negative,high
862,خربت العلاقة مع زميل بسبب سوء فهم,ammani,negative,high
863,وقعت التلفون بالمي وخسرته,ammani,negative,medium
864,الدواء خلص ومحتاجه بالليل والصيدلية مسكرة,ammani,negative,high
865,بكيت من التعب والضغط وأنا بالشغل لأول مرة,ammani,negative,high
866,دفعت غرامة ما كنت أعرف عنها,ammani,negative,medium
867,وقفت بالطابور نص ساعة وبعدين قالوا النظام معطل,ammani,negative,medium
868,الخدمة بالمطعم كانت سيئة وما اعتذروا,ammani,negative,medium
869,صاحبي حكالي خبر أثر في كتير وما طيقته,ammani,negative,medium
870,رحت على الاجتماع وبان إن ما في اجتماع,ammani,negative,high
871,الباص مر ولم يتوقف رغم أنني كنت واقف,ammani,negative,medium
872,طلعلي إن المعلومات غلط كلها بعد ما اعتمدت عليها,ammani,negative,high
,,,,
,,,,
,,,,
,,,,
,,,,
,,,,
,,,,
,,,,
,,,,
,,,,
,,,,
,,,,
,,,,
,,,,
,,,,
,,,,
,,,,
,,,,
,,,,
,,,,
,,,,
,,,,
,,,,
,,,,
,,,,
,,,,
,,,,
,,,,
,,,,
,,,,
,,,,
,,,,
,,,,
,,,,
,,,,
,,,,
,,,,
,,,,
,,,,
,,,,
,,,,
,,,,
,,,,
,,,,
,,,,
,,,,
,,,,
,,,,
,,,,
,,,,
,,,,
,,,,
,,,,
,,,,
,,,,
,,,,
,,,,
,,,,
,,,,
,,,,
,,,,
,,,,
,,,,
,,,,
,,,,
,,,,
,,,,
,,,,
,,,,
,,,,
,,,,
,,,,
,,,,
,,,,
,,,,
,,,,
,,,,
,,,,
,,,,
,,,,
,,,,
,,,,
,,,,
,,,,
,,,,
,,,,
,,,,
,,,,
,,,,
,,,,
,,,,
,,,,
,,,,
,,,,
,,,,
,,,,
,,,,
,,,,
,,,,
,,,,
,,,,
,,,,
,,,,
,,,,
,,,,
,,,,
,,,,
,,,,
,,,,
,,,,
,,,,
,,,,
,,,,
,,,,
,,,,
,,,,
,,,,
,,,,
,,,,
,,,,
,,,,
,,,,
,,,,
,,,,
,,,,
,,,,
,,,,
,,,,
