الجملة,المعنى,Confidence,التصنيف
لُف علي,التفت إليّ,High,neutral
لد علي,انظر إليّ,High,neutral
مُد ايدك اُكل,تفضل وتناول الطعام,Medium,neutral
مليح الحمدلله,بخير والحمد لله,Medium,positive
ابيش عندهم,لا يوجد لديهم شيء,High,neutral
ساوينا تشعتش عيد,صنعنا كعك العيد,High,neutral
انزل على الحرش,اذهب إلى الغابة/الأحراش,Medium,neutral
"ولك يا زلمة وينك من الصبح، قلبنا عليك الدار",أين أنت منذ الصباح؟ بحثنا عنك في كل مكان,Medium,Negative
خيّو والله هالجو ببرّد العظم,يا أخي هذا الجو شديد البرودة,High,Negative
امبارح طلعنا عالحراثة من الفجر,البارحة خرجنا لحراثة الأرض منذ الفجر,High,neutral
الشمس لفحتنا اليوم لفح,أحرقتنا أشعة الشمس اليوم بشدة,Medium,Negative
"تعال يا خال اقعد، الدار دارك ولا تستحي","تفضل بالجلوس يا خالي، البيت بيتك ولا تخجل",Medium,positive
يا خوي اطلع علي جاي,يا أخي انظر إليّ هنا,High,neutral
هات القيشنية جاي,أحضر الوعاء (الصحن) إلى هنا,High,neutral
والله ماني فاهم عليك,أقسم أنني لا أفهم ما تقصده,Low,Negative
تشيف حالتش ان شاء الله مليحة,كيف حالكِ؟ أتمنى أن تكوني بخير,High,positive
جيرة الله تتفضل علينا,أقسم عليك بالله أن تتفضل لزيارتنا,High,positive
بس تحضر انتِ بحضر واجبك,"عندما تحضرين، نقوم بواجب ضيافتك",Medium,positive
هاي بنسساويها لما يكون في شغلة كَبيرة,هذه نفعلها عندما يكون هناك أمر جلل,Medium,neutral
اهلا وسهلا بيك,أهلاً وسهلاً بك,Low,positive
ترعش بيها مليح,خضّها (أو ارتجف بها) بشدة,High,neutral
جيب الخوصة من المطبخ,أحضر السكين من المطبخ,High,neutral
بالله عليك تقعد ما شبعنا من شوفتك,"أقسم عليك أن تجلس، لم نكتفِ من رؤيتك",Medium,positive
بدنا نشخل اللبن من المصل,نريد تصفية اللبن من مصل الحليب,High,neutral
حط الباقي بعُلبة,ضع الباقي في وعاء,Low,neutral
لد شوف هذا ال إجقم,انظر إلى هذا الشخص المتعجرف/الأعوج,High,Negative
هو كثير معصمِص زيادة كنه مريض,هو نحيل جداً كأنه مريض,High,Negative
اعطيه بالون يلعب خليه يسكت,أعطه بالوناً ليلعب به حتى يصمت,Low,neutral
هاي اللبنة خامّة,هذه اللبنة فاسدة/متعفنة,High,Negative
هذا البوط جَديد؟,هل هذا الحذاء جديد؟,Low,neutral
هسّع دوري ابعد خليني اعرف العب,"الآن دوري، ابتعد لكي ألعب",Medium,Negative
والله القعدة انها مليحة اه والله جَخة,الجلسة جميلة جداً ورائعة,High,positive
هاتلي مُشمُش خليني اذوق,أحضر لي المشمش لأتذوقه,Low,neutral
انا عند المِقبرة تعال جاي,"أنا عند المقبرة، تعال إلى هنا",Medium,neutral
هظكّو هناك روح جيبه,"ها هو هناك، اذهب وأحضره",High,neutral
جبتله لعبة تامنّه يسكت,أحضرت له لعبة لكي يصمت,High,neutral
اميت رح تتخرج,متى ستتخرج؟,High,neutral
لويش ما بترد علي,لماذا لا تجيبني؟,High,neutral
اذرِب الطابة,اركل/اضرب الكرة,High,neutral
ليش رامي غراضك عال وطاة,لماذا ترمي أغراضك على الأرض؟,High,Negative
دشره هو بهدا لحاله,"اتركه، سيهدأ بمفرده",Medium,neutral
"شايف هاي الدخلة , دشرها وادخل عاللي بعدها",هل ترى هذا الزقاق؟ تجاوزه وادخل في الذي يليه,Medium,neutral
خيّو هيني ظبيت كل الوعية,"يا أخي، لقد رتبت كل الملابس",High,positive
نسيت اجيب جُبنة معي,نسيت إحضار الجبن معي,Low,Negative
هذ تشنه حرّوش,هذا يبدو خشناً/غير ناضج,High,Negative
يزم خلص دشّرها,يا رجل توقف واتركها,Medium,Negative
دشرك منه,اتركه وشأنه,Medium,neutral
بالله تناولي الماخوذ,بالله عليك أعطني هذا الشيء (لم يُذكر اسمه),High,neutral
اني هيتش بساويها,أنا أفعلها هكذا,High,neutral
مالك بتلد علي هيتش,لماذا تنظر إليّ هكذا؟,High,Negative
وشو بيه يا زلمة,وماذا في ذلك يا رجل؟,High,neutral
وديتّا عالمدرسة,أرسلتها إلى المدرسة,High,neutral
خربتّا,أفسدتها,High,Negative
شو بَدّك مني,ماذا تريد مني؟,Low,Negative
مش شايف قدّامه,لا يرى أمامه (من الغضب أو التعب),Medium,Negative
مُد إيدك خُذ لقمة,تفضل وتناول طعاماً,Medium,positive
وين داشر من الصبح؟,أين تتسكع منذ الصباح؟,High,Negative
لا تِتْخَوْث علينا,لا تسخر منا,Medium,Negative
هاظ الحكي ما بيمشي علي,هذا الكلام لا ينطلي عليّ,Medium,Negative
الواحد مش لاحق عحاله,الشخص لا يجد وقتاً لنفسه,Medium,Negative
اهترينا من التعب,أُرهقنا بشدة من التعب,Medium,Negative
روح غاد,اذهب إلى هناك,High,Negative
شومالك يزلمة,ما بك يا رجل؟,Medium,neutral
بزبطش هيك يزلمة,لا يصلح هذا الأمر يا رجل,Medium,Negative
انداري عنه ابصر ماله,"لا أدري عنه، لست أعلم ما خطبه",High,neutral
هسا بجيك,سآتيك الآن,Medium,Negative
دَحْش العلبة منيح,أدخل العلبة بقوة/احشرها جيداً,High,neutral
زقها زي العالم,ادفعها كما يفعل الناس الطبيعيون,Medium,Negative
شد حنكك,اصمت/أغلق فمك,Medium,Negative
سدّ الباب منيح انكرزت,"أغلق الباب جيداً، لقد شعرت بالبرد الشديد",High,Negative
"تفضلوا على الميسور، الجود من الموجود","تفضلوا على ما تيسر، الجود بما هو متاح",Medium,positive
والله لتقلطوا ما بتطلعوا من غير ذواقة,"أقسم أن تتفضلوا، لن تخرجوا دون تذوق الطعام",High,positive
يا وِلد روح اسرح بالهوايش,يا ولد اذهب لترعى المواشي,High,neutral
الزلم مخابر مش مناظر,الرجال يُعرفون بأفعالهم لا بأشكالهم,High,positive
ناولني هالخاشوقة,أعطني هذه الملعقة,High,neutral
لا تظل تمطمط بالحكي أعطيني الصافي,"لا تطل في الكلام، أعطني الخلاصة",Medium,Negative
شو مالك بوزك شبرين؟,ما بك عابسًا بشدة؟,Medium,Negative
هاتولنا هالمحماسة خلونا نحمس قهوة,أحضروا المحماسة لنحمص القهوة,High,neutral
"والله إن فلان غانم، وعلومه بتبيّض الوجه","أقسم أن فلاناً شهم، وأخباره ترفع الرأس",High,positive
تفتي الخبز منيح قبل ما تصبي المليحي,قطّعي الخبز جيداً قبل سكب المليحي عليه,High,neutral
مالك بتتحرك مثل الدوريه,لماذا تتحرك ذهاباً وإياباً كالدورية؟,Medium,Negative
أهذري لحالي إنت معي ولا مع الهوايش,"أتحدث وحدي، هل أنت منتبه لي أم شارد؟",High,Negative
شو هالقَطِيعة! صارلك شهر ما طليت,ما هذه القطيعة! لم تزرنا منذ شهر,Medium,Negative
يا مية هلا بجيتشكم علينا,يا مئة أهلاً بقدومكم إلينا,High,positive
"مأكول الهنا، وصحتين وعافية","هنيئاً مريئاً، وصحة وعافية",Medium,positive
روح اقضب هالسخلة لا تهجّ غاد,امسك هذه العنزة الصغيرة كي لا تهرب بعيداً,High,neutral
أقولّتش,أقول لكِ,High,neutral
نذلف من هون قبل ما تدبّق الأرض,نذهب من هنا قبل أن تمطر وتصبح الأرض موحلة,High,Negative
لتقلطي وتذوقي اللزاقيات هسّع سوتهم,"تفضلي لتتذوقي حلوى اللزاقيات، صنعتها أمي للتو",High,positive
انطمّ,اصمت رغماً عنك,High,Negative
صرلي ساعة أقوّي عليك,أناديك بصوت عالٍ منذ ساعة,High,neutral
دوك خضار الارض,انظر إلى خضرة الأرض,High,neutral
بحز غاد,ابتعد إلى هناك,High,neutral
زيح لهناك,ابتعد إلى هناك قليلاً,Medium,neutral
طل علي جاي,انظر إليّ هنا,High,neutral
يا الله ما اخم الشي الفلاني,يا إلهي ما أسوأ رائحة هذا الشيء,High,Negative
خلك دغري,ابقَ مستقيماً/صريحاً,Medium,positive
بديش ارد,لا أريد أن أرد,Medium,Negative
لوين رايح بهيش وقت,إلى أين أنت ذاهب في هذا الوقت؟,High,neutral
دير بالك على حالك,اعتنِ بنفسك,Low,positive
اشومالك معصب,ما بك غاضباً؟,Medium,neutral
مضينها طق حنك,قضينا الوقت بالثرثرة,Medium,neutral
اقعد يا رجل تعلل,اجلس يا رجل لنسهر ونتحدث,High,positive
اقعد بلاش زعبرة,اجلس وكفاك فوضى/صراخ,High,Negative
يا دوب الواحد ملحق,بالكاد يستطيع الشخص إنجاز مهامه,Medium,Negative
هاي الحبة مجخمنه,هذه الثمرة فاسدة أو مضروبة,High,Negative
جيب الكواشه نلملم الارض,أحضر المكنسة الخشنة لننظف الأرض,High,neutral
والله الاكل زاشي,أقسم أن الطعام لذيذ,High,positive
ميل علينا جاي,تفضل بزيارتنا هنا,High,positive
ولويش مستروح,ولماذا أنت مستعجل للذهاب؟,High,neutral
الوضع مثل ما بقلك دندرة,الوضع كما أقول لك فوضى عارمة,High,Negative
يا زلمه افنجها,يا رجل اضربها/اركلها بقوة,High,neutral
انبرع الولد,سقط الولد بقوة أو تأذى,High,Negative
لايقه ومليحه,مناسبة وجميلة,Medium,positive
ذايح,تائه أو يتسكع بكثرة,High,Negative
عزا لويش هيش,"يا للمصيبة، لماذا هكذا؟",High,Negative
اسكت عزرت علينا,اصمت لقد فضحتنا,High,Negative
الدنيا بتزعق,الجو شديد الحرارة/البرودة أو الرياح قوية,Low,Negative
الدنيا مخضرنه معشبه,الأرض خضراء ومليئة بالعشب,High,positive
ركض عليه مثل الطلق,ركض نحوه بسرعة كالرصاصة,Medium,neutral
ما قعد حربوك,"لم يجلس، ذكي ومراوغ",High,positive
طل بالله عليه,انظر إليه بالله عليك,High,neutral
هالقاروط شو عامل,ماذا فعل هذا الشقي؟,High,Negative
يا غبصا لويش عامل هيك,يا غبي لماذا تفعل هذا؟,High,Negative
وهر,ضخم ومخيف,High,Negative
وهرفو الزلمة,أخافوا الرجل,High,Negative
شوي شوي لا تغص,بتمهل حتى لا تغص بالطعام,Medium,positive
اني ترا كويس,أنا بخير للتنبيه,High,positive
اشتريت بوط وشحاطه,اشتريت حذاءً رياضياً ونعلاً,Medium,neutral
الصوبة بتكاتر مكاترة,المدفأة تشتعل بقوة,High,positive
اشرب من الجيعه,اشرب من بركة الماء المتبقية,High,neutral
تلعبوا طميمه,هل تلعبون الغميضة؟,High,neutral
بلَح اللاعب,تعب اللاعب بشدة/انقطع نفسه,High,Negative
بوكيت,جيب البنطال أو كيس,Medium,neutral
لا تلعب بالجلاطه,لا تلعب بالوحل/الطين,High,neutral
ملعون حرسي,سيء الحظ أو مرهق جداً,High,Negative
سرسري,لص أو شخص سيء السمعة,High,Negative
بنطلون حزق,سروال ضيق جداً,Medium,Negative
اشتريت بسطار مليح,اشتريت حذاءً عسكرياً جيداً,Medium,neutral
هالولد قزعه,هذا الولد قصير القامة جداً,High,neutral
بلاش جقم,كفاك اعوجاجاً أو حماقة,High,Negative
بلاش بواهه,كفاك غباءً أو بلاهة,High,Negative
واحد مفشخ,شخص مصاب بجرح في رأسه,Medium,Negative
فشخ راسي,ضربني على رأسي فجرحني,Medium,Negative
اقصر الصوت,اخفض الصوت,Low,neutral
شو هي الدنيا سايبة,هل الدنيا فوضى بلا حسيب؟,Medium,Negative
شو مالك مكشر,لماذا أنت عابس؟,Medium,Negative
فكك من الهبل,دعك من الحماقة,Medium,Negative
الايد قصيرة والعين بصيرة,قلة الحيلة مع إدراك الأمور,Medium,Negative
شلونك,كيف حالك,Medium,positive
هـاتلـك كـمـشة حطب ناشف,أحضر القليل من الحطب الجاف,High,neutral
لويش مطنشنا,لماذا تتجاهلنا؟,High,Negative
على شو قاعد بتتفرج,إلامَ تنظر؟,Medium,neutral
ليكون مش عاجبك,هل يعقل أن هذا لا يعجبك؟,Medium,Negative
وين طاشش من الصبح,أين تتسكع منذ الصباح؟,Medium,Negative
شو هالقَعدة العوجة,ما هذه الجلسة الخاطئة؟,Medium,Negative
الطريق اعوج,الطريق غير مستقيم,Low,Negative
شو اللعي الفاضي,ما هذا الكلام الفارغ/الثرثرة؟,High,Negative
لا تظلكيش تلعلع,لا تستمري بالصراخ/الثرثرة,High,Negative
وين هالغيبة,أين كنت طوال هذه الفترة؟,Medium,neutral
عشو ناوي,ماذا تنوي أن تفعل؟,Medium,neutral
فُك عنّي,ابتعد عني,Medium,neutral
خليك قد كلمتك,كُن على قدر وعودك,Low,neutral
لويش ساكت,لماذا أنت صامت؟,High,neutral
فكك من هالحتشي,دعك من هذا الكلام,High,Negative
هيصة,فوضى أو احتفال صاخب,Medium,neutral
اقعدوا دوشتونا,اجلسوا لقد أزعجتمونا بصخبكم,Medium,Negative
قوم ساوي شاي,انهض واصنع الشاي,Medium,neutral
لا تلطعك النار,احذر أن تحرقك أو تلفحك النار,High,positive
يا زلمة لا تعقدها خلص,يا رجل لا تصعّب الأمور,Medium,positive
الغسيل مكوم,الملابس المتسخة متراكمة,Low,Negative
لُم حالك وروح,اجمع أغراضك واذهب,Medium,Negative
دير بالك لا تزحلق عالوطاة,احذر أن تنزلق على الأرض,High,positive
قوم حرّك حالك لا تضل متسمّر,"انهض وتحرك، لا تبقَ ثابتاً",Medium,Negative
لفّيت الدنيا وما لقيت زيهم,بحثت في كل مكان ولم أجد مثلهم,High,Negative
اسقي الزريعة,اسقِ النباتات,Medium,neutral
انزل عالحوش,انزل إلى فناء المنزل,High,neutral
خلص عاد لا تمُطها,"يكفي، لا تطل في الموضوع",Medium,Negative
لا تظل تتأفف اشتغل,"لا تتذمر، بل اعمل",Low,Negative
جيب خبز وانتَ مروح,أحضر الخبز في طريق عودتك,Low,neutral
شدّها مليح لا تفلت,اربطها جيداً كي لا تنفلت,Medium,neutral
يا بَييه قد ما رغيت,"يا إلهي، كم ثرثرت!",High,Negative
لا تظلكيش تحوس,لا تستمري بالدوران أو الحركة بقلق,High,Negative
شو مالك لا حس ولا خبر,ما بك؟ لا يوجد لك أثر أو أخبار,Medium,neutral
لويش لاوي بوزك,لماذا أنت عابس وممتعض؟,High,Negative
ول مش قادرين نحكي معك,لا نستطيع التحدث معك (من كبريائك),Medium,Negative
عليك هيبة,لديك وقار وهيبة,Low,positive
والله طالع طقع اليوم,تبدو بأبهى حلة اليوم,Medium,positive
الجو طقع اليوم,الطقس رائع جداً اليوم,Medium,positive
تظلكاش تراجع فيني,لا تستمر بمجادلتي,High,Negative
غصبن عنك,رغماً عنك,Low,Negative
بتشرح القَلب,تبهج القلب/تسر الخاطر,Medium,positive
هالهويات بشرحن القلب,هذا النسيم يبهج القلب,High,positive
فقدناك مبارح بالطلعة,افتقدناك بالأمس في النزهة,Low,positive
والله غير تميّل,أقسم أنك يجب أن تزورنا,High,positive
لا تطيح,لا تسقط أو تنزل,High,neutral
الطيحة حادّة,المنحدر شديد,High,Negative
نادي ع خوالك جاي,نادِ أخوالك إلى هنا,High,neutral
امسكها مليح لا تُمزط من ايدك,أمسكها جيداً كي لا تنزلق من يدك,High,neutral
تَعي نقعد تحت الشمسات,تعالي لنجلس تحت أشعة الشمس,Medium,neutral
والله انك زلمة كَفو,أقسم أنك رجل يُعتمد عليه,Medium,positive
والله انه ازعر,أقسم أنه شخص مشاغب/سيء السلوك,Medium,Negative
لا تسُم بَدَني,لا تعكر مزاجي,Medium,Negative
مالك بتزعبر,لماذا تثير الفوضى والصراخ؟,High,Negative
طاحت تحت,سقطت للأسفل,High,neutral
تظلكيش تبربر,لا تستمري بالثرثرة المزعجة,Medium,Negative
خليك بعيد ابرك,"ابقَ بعيداً، هذا أفضل وأبرك",High,Negative
سايق عليك الله ترد,أقسم عليك بالله أن تجيب,High,neutral
سقا الله اتخرّج,يا ليتني أتخرج قريباً,High,neutral
سقا الله ايام زمان,يا ليت أيام الماضي تعود,High,neutral
يرحم جدّك,رحم الله جدك (تُقال أحياناً للسخرية),Medium,Negative
قاعد بفحّط بالسيارة,يقوم بالاستعراض بالسيارة,Medium,neutral
اقعد بالدار اهون,الجلوس في المنزل أفضل/أسهل,Medium,positive
قبّعت معي,نفد صبري/غضبت بشدة,High,Negative
خلص ملّقت,"يكفي، لقد أصبحت الأمور سخيفة",Medium,Negative
خبّصت الدنيا,أفسدت الأمور تماماً,Medium,Negative
جَخّة والله,شيء رائع وممتاز جداً,High,positive
والله مفزلكين,أقسم أنهم يتفلسفون,Medium,Negative
لا تظلكيش تهبد,لا تستمري في التحدث بهراء أو كذب,Medium,Negative
عَلي قراية قد الدنيا,لدي دراسة كثيرة جداً,Medium,neutral
لا تعكّر مزاجي ترا مروّق,"لا تفسد مزاجي، أنا هادئ الآن",Medium,positive
تعال نروح نروّح,تعال لنعود إلى المنزل,High,positive
لويش مبعد هالقد,لماذا تبتعد إلى هذا الحد؟,High,neutral
اقعد جاي,اجلس هنا,High,neutral
طول بالك يا زلمة,اهدأ يا رجل,Medium,positive
تخليهاش توصل مواصيل,لا تدع الأمور تصل إلى حد سيء,Medium,Negative
ترا متهاوشين,نحن متشاجرون,Medium,Negative
هسع ظاقت عينك عَهالشغلة,الآن طمعت في هذا الشيء؟,High,Negative
بتعرفيهاش,ألا تعرفينها؟,Medium,neutral
شو هالشكيلات,ما هذه الأشكال (للسخرية),Medium,Negative
قاعد بخبّص تخبيص,يتحدث بهراء أو يفسد الأمور,Medium,Negative
شايف بس حلقت كيف وجهك فتّح,هل رأيت كيف أشرق وجهك بعد الحلاقة؟,Medium,positive
جاي عبالي لبنة مدحبرة,أشتهي تناول اللبنة المكورة,High,neutral
مدحبر دحبرة,مكور/دائري بشكل كامل,High,neutral
هالولد مربرب,هذا الولد ممتلئ الجسم ولطيف,Medium,positive
ما دامك جاي وجاي جيب معك,"بما أنك قادم، أحضر معك",Medium,neutral
ابصر شماله,لست أدري ما به,High,neutral
والله اللي بدري بدري,من يعلم يعلم,Medium,neutral
هسا بيجي,سيأتي الآن,Medium,neutral
هيني بالطريق,أنا في الطريق,Low,neutral
مسافة طريق ويكون عندكم,سأكون عندكم بعد وقت قصير,Medium,neutral
على راسي,أمرك مطاع,Low,positive
تبشر بالخير,طلبك مجاب,Medium,positive
معاك مجال بالسيارة,هل لديك متسع في السيارة؟,Low,neutral
لويش هيك بتسولف,لماذا تتحدث هكذا؟,High,Negative
بدنا نعيد عدار خالكم,سنذهب للمعايدة في بيت خالكم,Medium,neutral
بجوز نمُر عدار عمكم اليوم,ربما نمر ببيت عمكم اليوم,Medium,neutral
هاك هذول روح اشتري,خذ هذه (النقود) واذهب للشراء,High,neutral
امسك من إيدي ل توقعه,أمسكه من يده كي لا تسقطه,Medium,neutral
والله ظعفان مش ظايل عليه لحم,"لقد نَحُل كثيراً، لم يبقَ فيه لحم",High,Negative
هالحزين مضاها يرَكّض بين الناس,المسكين قضى وقته يركض باحثاً عن المساعدة,High,Negative
انهلك تعب,أُرهق جداً من التعب,Medium,Negative
بقولك ما بِرُد علي شو اساويله,"أقول لك إنه لا يرد، ماذا أفعل؟",Medium,Negative
خليه بحاله لا تصيبه,"اتركه وشأنه، لا تلمسه",Medium,neutral
ساويتلك مثل ما طلبت,فعلت لك كما طلبت,Medium,neutral
قومي ساويلنا شاي,انهضي واصنعي لنا الشاي,Medium,neutral
والله ما بدري وين الله حاطه,أقسم أنني لا أعلم أين هو (تائه),Medium,Negative
روح لقطلنا لوز,اذهب واقطف لنا بعض اللوز,Medium,neutral
ترا هو سرسري مش هيّن,للعلم هو محتال وليس سهلاً,High,Negative
لد شوف هذا الإجقم شو عامل,انظر ماذا فعل هذا المتعجرف/الأعوج,High,Negative
ترا مقبعة معي من الصبح,للعلم أنا غاضب جداً منذ الصباح,High,Negative
لا تشذب احكي الصحيح,"لا تكذب، قل الحقيقة",High,Negative
دريت عنه شو مساوي,هل علمت ماذا فعل؟,High,neutral
شلف الولد الحقوه,"هرب الولد، اركضوا خلفه",High,neutral
طلع الحلة من الخزانة,أخرج القدر من الخزانة,High,neutral
الاكل زعق,الطعام مالح أو حامض جداً,High,Negative
الحق الولد فل,الحق بالولد لقد هرب,Medium,neutral
راح يفلح بالارض,ذهب ليحرث ويزرع الأرض,Medium,neutral
راح يكفَر الزرع,سيقوم بتغطية الزرع بالتراب أو تقليبه,High,neutral
عاملين اقرى بعرسهم,صنعوا وليمة في زفافهم,High,positive
معلل لابنه اليوم,يقيم حفلة سهرة (تعليلة) لابنه اليوم,High,positive
عنده منوحه,لديه شاة أو بقرة حلوب,High,neutral
الحصان مربوط عند البيدر,الحصان مربوط عند مكان جمع الحصاد,High,neutral
طلع الطحين من الكواره,أخرج الطحين من مخزن الحبوب الطيني,High,neutral
حط الاكل في النملية,ضع الطعام في خزانة الطعام,High,neutral
افرش المدرج,افرش السجاد الطويل/الممر,High,neutral
ولع البنورة,أشعل المصباح الزيتي القديم,High,neutral
اعمل شوطحية,اصنع أرجوحة,High,neutral
"اقلط يا رجل، والله العشاء ما يغلى عليك","تفضل يا رجل، العشاء قليل بحقك",High,positive
"يا ولد، لا تظلك تِحْوِص بالدار",لا تستمر بالدوران في المنزل بقلق,High,Negative
عَطُول,فوراً / بشكل مباشر,Medium,neutral
شَوِش الدار,أحدث فوضى في المنزل,High,Negative
فَرْكَشت الخطبة,أُلغيت الخطوبة,Medium,Negative
خَشّ ع الساحة,دخل إلى الساحة,Medium,neutral
طُُلي علي,انظري إليّ,Medium,neutral
والله هالطبخة طالعة مْرَتَّبة,هذه الطبخة ممتازة ومتقنة,Medium,positive
طَلّ عالدار شوف مين إجى,انظر إلى الخارج لترى من أتى,Medium,neutral
هِسّه بِنْرُوح عالحرش نقعد شوي,سنذهب الآن إلى الغابة لنجلس قليلاً,Medium,positive
قعدنا بالحوش نقرقش بزر ونحكي,جلسنا في الفناء نأكل البذور ونتحدث,Medium,positive
دِق الباب وخَش,اطرق الباب وادخل,Medium,neutral
خَلّيها عالله,اترك الأمر لله,Low,positive
رِد الباب وراك,أغلق الباب خلفك,Medium,neutral
"خيّو تعا، القعدة ما بتحلى إلا فيك","يا أخي تعال، الجلسة لا تكتمل إلا بك",Medium,positive
شِدّها وزبّط,اربطها بقوة وأصلحها,Medium,neutral
خَلّص وفُضّ,انتهِ من الأمر وأرحنا,High,neutral
لا تِتذاكى,لا تدّعِ الذكاء,Low,Negative
لِِز ل غاد,ابتعد إلى هناك,High,Negative
سيبك منه هاظ ﺗِﻨﺢ,"دعه، إن هذا الشخص عنيد جداً",Medium,Negative
حفرتل,شخص سيء المظهر أو الطباع,High,Negative
مقلعط,قذر أو مقزز,High,Negative
مهوي هالولد,هذا الولد مجنون أو أهوج,Medium,Negative
بلُلق لَق,يتحدث بكثرة بلا فائدة,High,Negative
بتهبل قاعد,يتظاهر بالغباء,Medium,Negative
سكر الباب اكلنا الناموس,"أغلق الباب، لقد أزعجنا البعوض",Low,Negative
بيّاع حكي,شخص يكثر الكلام دون أفعال,Medium,Negative
اذا انت مش رايح انا بروحش,"إذا لم تذهب أنت، أنا لن أذهب",Medium,neutral
بالله قول لعمي انّي جاي,بالله عليك أخبر عمي أنني قادم,Low,neutral
على رف برقان الشاي,على الرف إبريق الشاي,High,neutral
والله الصغار بِهِدّوا الحيل,الأطفال يرهقون القوى,Medium,Negative
انته وبعدين معك,وما نهاية هذا الأمر معك؟,Medium,Negative
دار جيرانكم بعمروا بيت,جيرانكم يبنون منزلاً,Medium,neutral
هسع لِد علي جاي,الآن انظر إلي هنا,High,neutral
بدي أروح أحوش الزيتون,سأذهب لقطف الزيتون,High,neutral
اقضب الدرب,اذهب في طريقك وغادر,High,neutral
هات الغربال جاي,أحضر أداة تصفية الحبوب (الغربال),High,neutral
اندز لغاد,ابتعد إلى هناك,High,Negative
انقبر نام,اذهب للنوم (صيغة توبيخ),High,Negative
طُشّت المي ع الأرض,انسكب الماء على الأرض,High,neutral
المي بتسرسسب سرسبة,الماء يتدفق ببطء شديد,High,neutral
يا هملالي على هالشوفة,يا ويلي (للتعجب) على هذا المنظر,High,neutral
غبّت روحي من التعب,شعرت بالغثيان أو الإعياء الشديد,High,Negative
حط الحطب بالطابون,ضع الحطب في الفرن البلدي,High,neutral
هات الشاعوب من الحاكورة,أحضر المذراة من الحديقة الخلفية,High,neutral
الباب مزتوت زت,الباب مفتوح على مصراعيه,High,neutral
سولفلي شو صار معك,أخبرني بما حدث معك,Medium,neutral
الزلمة ودّى مرته,الرجل أعاد زوجته إلى بيت أهلها (غاضبة),High,Negative
لويش بتكاكي مثل الدجاجة,لماذا تتذمر وتكثر الكلام كالدجاجة؟,High,Negative
بدي ألقّط جعده من الوعر,سأقطف عشبة الجعدة من الجبل,High,neutral
فكّنا من شرك,ابتعد عنا بأذاك,Low,Negative
يا مِشحّر شو سويت,يا سيء الحظ ماذا فعلت,High,Negative
يا مقطوع الطاري,شتيمة لمن لا أصل أو امتداد له,High,Negative
زتّها غاد ولا تسأل,ارمها هناك ولا تكترث,High,neutral
انطز محلك,اجلس مكانك (توبيخ),High,Negative
شايفتك اليوم تعبان,أراك اليوم متعباً,High,Negative
البنت مزيونة,الفتاة جميلة جداً,Medium,positive
لا تتنومس كثير,لا تدّعي الشرف أو الخجل الكاذب,High,Negative
شو هالطخ,ما هذا الكلام المبالغ فيه؟,Medium,Negative
اقلب وجهك من هون,اذهب من أمامي,Medium,Negative
هذا زلمة فاهي,هذا رجل بطيء الفهم أو عديم الإحساس,High,Negative
مرّوح مدعوق من الشغل,عائد متعب جداً من العمل,High,Negative
مخو ضارب هالولد,هذا الولد مجنون أو أحمق,Medium,Negative
بتهوجس لحالك,تتحدث مع نفسك أو تفكر بصوت عالٍ,High,neutral
العقال مايل,العقال مائل (دلالة على الكبرياء أو الاستهتار),High,neutral
هات الرشوف ناكله,أحضر أكلة الرشوف لنتناولها,High,neutral
سويتلنا مكمورة,طبختِ لنا أكلة المكمورة,High,neutral
ناولني المنساس,أعطني العصا الطويلة لحث الدواب,High,neutral
ضوّي السراج,أشعل المصباح القديم,High,neutral
جيب الكربال نصفي القمح,أحضر الكربال (منخل واسع) لتصفية القمح,High,neutral
صُب القهوة بالدلة,اسكب القهوة في الدلة,Medium,neutral
المعازيب اجوا,أصحاب الدعوة (الضيوف أو المضيفون) أتوا,High,neutral
أكرب الأرض مليح,احرث الأرض وقلبها جيداً,High,neutral
بكرا الرجاد,غداً نقل المحصول إلى البيدر,High,neutral
الزرع عطشان,النباتات بحاجة للماء,Medium,neutral
هات الساطور نقص العظم,أحضر الساطور لكسر العظم,Low,neutral
علّق اللحم عالمعلاق,علق الذبيحة على الخطاف,High,neutral
الباطية مليانة طحين,الوعاء الخشبي الكبير ممتلئ بالطحين,High,positive
زقوم ببطنك,طعام سيء في بطنك (دعاء بالغضب),High,Negative
هامل وما بستحي,شخص سيء السلوك ولا يخجل,Medium,Negative
شرواك بالخير,شرواك (تُقال لمدح المخاطب بمقارنته بشخص جيد),High,positive
شب شلاطي,شاب سيء السمعة أو المظهر,High,Negative
راسي مفلوق فلق,رأسي مصدع جداً أو مجروح,Medium,Negative
هي أطرش بالزفة,هو لا يفقه شيئاً مما يحدث حوله,Medium,Negative
جيب الجاروفة ننظف,أحضر المجرفة لننظف,High,neutral
قشّت الدار قش,كنست المنزل بالكامل,High,positive
انطمر بالفرشة,تخبأ أو تغطى في الفراش بشدة,High,Negative
بدي اغفّي شوي,سأنام قليلاً,Medium,neutral
فكّ الريق بلقمة,تناول شيئاً بسيطاً في الصباح لكسر الجوع,Medium,neutral
لا تتشكوَن,لا تكثر الشكوى,Medium,Negative
بتلولح بإيدها,تلوّح بيدها,Medium,neutral
ادعس عالبريك,اضغط على المكابح,Low,neutral
لا تلخّمني,لا تربكني,Medium,Negative
ملخوم مش عارف شو اساوي,مرتبك ولا أعرف ماذا أفعل,Medium,Negative
حِك ظهرك بيدك,اعتمد على نفسك,Low,neutral
الدنيا صقيع,الجو بارد جداً,Medium,Negative
انكسر خاطري,شعرت بالحزن أو الخذلان,Medium,Negative
ولّعت معه,غضب بشدة,Medium,Negative
فقعت مرارتي,غضبت أو انزعجت لدرجة كبيرة,Medium,Negative
شال الحمل على ظهره,تحمل المسؤولية,Low,neutral
حفرنا بير مي,حفرنا بئر ماء,Medium,neutral
المي مقطوعة,المياه غير متوفرة,Low,Negative
عبّي الخزان,املأ خزان الماء,Low,neutral
شغّل الماتور,قم بتشغيل مضخة الماء,Low,neutral
السطح بدو دحل,السقف الترابي بحاجة لتسوية (دحْل),High,neutral
هات المحدلة,أحضر الأسطوانة الحجرية لتسوية السطح,High,neutral
المزراب بنقّط,ميزاب الماء يسرب,Medium,Negative
انشقّ الثوب,تمزق الثوب,Low,Negative
خيّط الفتق,أرقع أو خِط الثقب,Medium,neutral
لا تعايرني,لا تذكّرني بعيوبي (تعايرني),Medium,Negative
كبّ الزبالة,ارمِ القمامة,Low,neutral
شو هالسولافة الطرما,ما هذه القصة أو المشكلة المزعجة,High,Negative
سيرة وانفتحت,موضوع وبدأ النقاش فيه,Medium,neutral
اجبر بخاطره,واسِه وقل له كلاماً طيباً,Medium,positive
سد دينك,ادفع ما عليك من ديون,Low,neutral
مقحط ما معو قرش,مفلس تماماً,High,Negative
انقطعنا من الخبز,نفد الخبز لدينا,Medium,neutral
الخبز بايت,الخبز غير طازج (قديم),Medium,Negative
سخّن الأكل,قم بتسخين الطعام,Low,neutral
الأكل شاط,احترق الطعام وبداخله طعم شياط,High,Negative
هات الطنجرة المفحمة,أحضر القدر المحروق,High,Negative
حُكّ قاع الطنجرة,اكشط قاع القدر,Medium,neutral
الصينية بتلمع لمع,الصينية نظيفة ومشرقة,Low,positive
غسّل المواعين,اغسل الأطباق,Medium,neutral
الجلي مكوّم,الأطباق المتسخة متراكمة,Medium,Negative
انشر الغسيل عالحبل,علّق الملابس على الحبل لتجف,Medium,neutral
لمّ الغسيل ناشف,اجمع الملابس فقد جفت,Medium,neutral
هات الملاقط,أحضر مشابك الغسيل,Medium,neutral
الحبل ارتخى,حبل الغسيل لم يعد مشدوداً,Low,Negative
انقطعت الكهربا,انقطع التيار الكهربائي,Low,Negative
ضوّي الشمعة,أشعل الشمعة,Low,neutral
اللمبة انحرقت,المصباح تعطل,Low,Negative
صلح الإبريز,أصلح مقبس الكهرباء,Medium,neutral
فكّ البرغي,قم بإزالة المسمار اللولبي,Low,neutral
هات المفك,أحضر مفك البراغي,Low,neutral
دقرت معي,تعندت الأمور,Medium,Negative
لا تدقرلي عوحدة,لا تتصيد أخطائي,High,Negative
الزلمة مطفّر,الرجل مفلس جداً,High,Negative
لا تحرث عليّ,لا ترهقني بكثرة الطلبات,High,Negative
فكّني من هالطابق,أبعدني عن هذه المشكلة/القصة,Medium,Negative
طابق وانكشف,أمر دبر بليل وانكشف,Medium,Negative
ملبّك مش عارف يحكي,مرتبك ولا يستطيع التحدث,Medium,Negative
حيطه واطي,شخص ضعيف يُستقوى عليه,Medium,Negative
عينه قوية,وقح ولا يستحي,Medium,Negative
عينه فارغة,طماع ولا يكتفي,Medium,Negative
نفسه دنية,بخيل أو لئيم,Medium,Negative
شبع بعد جوع,اغتنى بعد فقر ,Medium,Negative
ما بستحي على دمه,لا يوجد لديه خجل أو كرامة,Medium,Negative
اكلنا المقلب,خُدعنا,Low,Negative
صدّق الكذبة,انطلى عليه الكذب ,Low,Negative
لف ودوران,تلاعب ومراوغة,Low,Negative
جاب العيد,ارتكب خطأً فادحاً,Medium,Negative
خبّرني من طقطق للسلام عليكم,أخبرني بالتفاصيل من البداية للنهاية,Medium,neutral
لا تزيد الطين بلة,لا تعقد الأمور أكثر,Low,Negative
ضربني وبكى,اعتدى عليّ ثم تظاهر بأنه الضحية,Low,Negative
امسحها بوجهي,تجاهل الأمر ولا تهتم,High,neutral
ريّح راسك,أرح بالك,Low,neutral
اشرب مي باردة,اهدأ ولا تقلق,Medium,neutral
فورت دمي,أغضبتني بشدة,Medium,Negative
طلعت روحي,مللتني واغضبتني,Medium,Negative
روحي طالعة,أنا في غاية التعب أو الاحتضار,Medium,Negative
لا تظل تنُق,لا تستمر في التذمر والشكوى,Medium,Negative
نقّاق بوجع الراس,كثير الشكوى يسبب الصداع,Medium,Negative
سدّت نفسي,أفقدتني شهيتي,Medium,Negative
ما الي نفس,ليس لدي رغبة,Low,Negative
نفسي مسدودة,لا أشتهي شيئاً,Medium,Negative
اكلت هوا,وقعت في مشكلة أو خُدعت,Medium,Negative
سفّ التراب,أصبح فقيراً جداً أو أُهين,Medium,Negative
كل شي بقضاه وقدره,كل شيء مقدر من الله,Low,neutral
توكل عالله,اعتمد على الله,Low,positive
اللي مكتوب عالجبين,ما قُدر لك ستراه,Low,neutral
العين ما بتعلى عالحاجب,لا يمكن تجاوز المقامات,Low,neutral
طبخ طبخة,دبر مكيدة,Medium,Negative
اكل الطبخة,وقع في الفخ,Medium,Negative
انحرق الكرت,انكشف السر أو فقد تأثيره,Medium,Negative
كرت محروق,شخص فقد مصداقيته أو دوره,Medium,Negative
حرقلي دمي,أثار غضبي الشديد,Medium,Negative
نشّف ريقي,أتعبني بالجدال أو الانتظار,Medium,Negative
ريقي ناشف,أشعر بالعطش أو الخوف,Medium,Negative
بُل ريقك,اشرب شيئاً أو تناول القليل,Medium,neutral
غصيت باللقمة,وقفت اللقمة في حلقي,Medium,Negative
شرق بالمي,اختنق أثناء الشرب,Medium,Negative
كحّ كحة قوية,سعل بشدة,Low,Negative
صدره بخرخش,يوجد بلغم في صدره,Medium,Negative
مفلوز ومرشح,مصاب بالإنفلونزا والزكام,Medium,Negative
مناخيره مسكرة,أنفه مسدود,Low,Negative
راسه بوجعه,يشعر بالصداع,Low,Negative
خذ حبة مسكن,تناول دواءً للصداع,Low,neutral
بده إبرة,يحتاج إلى حقنة طبية,Low,neutral
راح عالدكتور,ذهب إلى الطبيب,Low,neutral
وصفله دوا,كتب له علاجاً,Low,neutral
جيب الدوا من الصيدلية,أحضر العلاج من الصيدلية,Low,neutral
انكسرت إيده,كُسرت ذراعه,Low,Negative
جبّص إيده,وضع جبيرة على يده,Medium,Negative
فك الجبصين,أزال الجبيرة,Medium,positive
عكازة بسند عليها,عصا يعتمد عليها,Medium,neutral
بيعرج عرج,يمشي بصعوبة لوجع في رجله,Low,Negative
رجله بتوجعه,ساقه تؤلمه,Low,Negative
لابس جرابات,يرتدي جوارب,Medium,neutral
البوط ذيق,الحذاء ضيق,High,Negative
اربط البوط,اربط حذاءك,High,neutral
امشي حافي,امشِ بدون حذاء,Low,neutral
الشوك دخل برجله,دخلت شوكة في قدمه,Low,Negative
طلّع الشوكة,أخرج الشوكة,Low,positive
الدم بسيل,الدم ينزف بشدة,Low,Negative
لفّ الجرح,ضع ضمادة على الجرح,Low,neutral
الجرح ملتهب,الجرح مصاب بعدوى,Low,Negative
بده خياطة,الجرح يحتاج إلى تقطيب,Low,Negative
غيّر عالجرح,استبدل ضمادة الجرح,Low,neutral
طاب الجرح,شُفي الجرح,Medium,positive
أثر الجرح مبين,ندبة الجرح واضحة,Low,Negative
انحرق إصبعه,أصيب إصبعه بحروق,Low,Negative
حط مرهم,ضع كريماً علاجياً,Low,neutral
وقع عن الدرج,سقط من على السلالم,Low,Negative
تزحلق بالشارع,انزلق في الطريق,Low,Negative
عمل حادث,تعرض لحادث سير,Low,Negative
السيارة انطعجت,تضررت السيارة,Medium,Negative
صلح السيارة,قم بإصلاح المركبة,Low,neutral
المكنيكي شاطر,الميكانيكي ماهر,Medium,positive
غير الزيت,استبدل زيت المحرك,Low,neutral
البنزين خلص,نفد الوقود,Low,Negative
عبي بنزين,املأ خزان الوقود,Low,neutral
البنشرجي صلح العجل,مصلح الإطارات أصلح العجلة,Medium,positive
العجل بنشر,العجلة ثُقبت,Medium,Negative
غير العجل بالسبير,استبدل الإطار بالاحتياطي,Low,neutral
البطارية نامت,نفدت طاقة البطارية,Medium,Negative
السيارة ما بتشتغل,السيارة لا تعمل,Low,Negative
ادفش السيارة,ادفع المركبة من الخلف,Medium,neutral
طريق طلوع,طريق صاعد (مرتفع),Low,neutral
طريق نزول,طريق هابط (منحدر),Low,neutral
لُف من الدوار,در حول الدوار,Low,neutral
الإشارة حمرا,الإشارة الضوئية حمراء,Low,neutral
اوقَف عاليمين,اصطف بمركبتك على اليمين,Low,neutral
خالفني الشرطي,حرر لي الشرطي مخالفة,Low,Negative
ادفع المخالفة,سدد قيمة المخالفة,Low,neutral
رخّص السيارة,جدد ترخيص المركبة,Low,neutral
التأمين خلص,انتهت صلاحية التأمين,Low,Negative
شيخ العشيرة,كبير القبيلة,Medium,positive
جاهة وعطوة,وفد للصلح ,High,positive
هاتلنا فناجين,احضر لنا فنجان القهوة العربية,Medium,neutral
صبّ القهوة باليسار,اسكب القهوة باليد اليسرى,Medium,neutral
ضيّف القهوة باليمين,قدم فنجان القهوة باليد اليمنى,Medium,neutral
هِز الفنجان,حرك الفنجان دلالة على الاكتفاء,Medium,neutral
دايمة,دامت نعمكم,Medium,positive
صحتين وعافية,هنيئاً ,Low,positive
على قلبك,على قلبك,Low,positive
تسلم إيديك,سلمت يداك,Low,positive
يعطيك العافية,الله يعطيك القوة,Low,positive
شو الأخبار,ما هي الأخبار؟,Low,neutral
صافية وافية,الأمور جيدة ولا جديد,Medium,positive
الحمد لله على كل حال,نحمد الله في كل الظروف,Low,positive
الله يسهل عليك,رافقتك السلامة,Medium,positive
مع السلامة,في أمان الله,Low,positive
بخاطرك,أستأذنك بالانصراف,Medium,neutral
أستودعناك الله,في ودائع الله,Medium,positive
حيّاكم الله,أهلاً بكم,Medium,neutral
يا هلا,أهلاً,Low,neutral
هلا بيك,أهلاً بك,Low,positive
نورتونا,أضأتم المكان بوجودكم,Low,positive
النور نورك,النور بوجودك,Low,positive
ما قصرت,فعلت ما عليك وزيادة,Medium,positive
هاذ واجبنا,هذا واجبنا,Medium,positive
غلبتك معي,أتعبتك معي,Medium,positive
تعبك راحة,طلبك لم يتعبني,Medium,positive
لا شكر على واجب,الشكر غير ضروري للواجب,Low,positive
الله يبارك فيك,بارك الله بك,Low,neutral
مبروك نجاحك وان شاء الله من نجاح لنجاح,مبارك النجاح,Low,positive
عقبالك,أتمنى لك المثل,Medium,positive
الله كريم يارب,الله جواد وكريم,Low,positive
تعيش وتترحم,بقيت حياً لتدعو له,Medium,neutral
الحمد لله عالسلامة,نحمد الله على سلامتك,Low,positive
طهور إن شاء الله,تطهير من الذنوب,Low,positive
ما تشوف شر,لا أصابك مكروه,Medium,positive
الشر ما يجيك,ولا أصابك,Medium,positive
قرة عينك بشوفته,سررت برؤيته,Medium,positive
عاش من شافك,طال عمرك (لمن غاب طويلاً),Medium,positive
تعيش أيامك,طالت أيامك,Medium,positive
شو هالغيبة,لماذا غبت طويلاً؟,Medium,neutral
لعله خير,عسى أن يكون خيراً,Low,neutral
اللي كاتبه الله بصير,قضاء الله نافذ,Medium,neutral
نصيب ومقسوم,قدر ونصيب,Medium,neutral
رضينا بالمقسوم,قبلنا بما قسمه الله,Medium,neutral
ارمِ ورا ظهرك,تجاهل الماضي,Medium,positive
افتح صفحة جديدة,ابدأ من جديد,Medium,positive
عفا الله عما سلف,سامح الله ما مضى,Low,positive
اللي بكذب مرة بكذب مرتين,الكاذب يعتاد الكذب,Medium,Negative
كل فولة ولها كيال,لكل شخص من يناسبه,Medium,neutral
الله يخليلك إياهم,حفظهم الله لك,Medium,positive
يحفظهم من كل شر,حماهم من السوء,Low,positive
يبعد عنهم ولاد الحرام,أبعد الله عنهم الأشرار,Medium,positive
يرزقك من حيث لا تحتسب,رزقك الله رزقاً واسعاً,Low,positive
الله يفتحها بوجهك و يعلي مراتبك,يسّر الله أمرك و رفع الله شأنك,Medium,positive
الله ينور دربك و ييسر أمورك,أضاء الله طريقك و سهل الله أمورك,Medium,positive
يسعد قلبك,أسعد الله قلبك,Medium,positive
"الله يهدي بالك , شدّة وبتزول","أراح الله بالك , ضائقة وسوف تزول",Medium,positive
يجبر بخاطرك و يعوض عليك,واساك الله وأرضاك و عوّضك الله خيراً,Medium,positive
يخلف عليك ما قصرت,أكثر الله خيرك ,Medium,positive
حوّد من السيارة جاي,انزل من السيارة إلى هنا,High,neutral
سكر الباب انكرزت,"أغلق الباب، شعرت بالبرد الشديد",High,neutral
جيب الخاشوقه,أحضر الملعقة,High,neutral
بنطلون كابوي,سروال من الجينز,Medium,neutral
مش ناقصنا وجع راس,لا نحتاج إلى المزيد من المشاكل,Low,Negative
تعال اقعد هان,تعال اجلس هنا,Medium,neutral
لا تظل تِسأل على الفاضي,لا تستمر بطرح الأسئلة بلا فائدة,Medium,Negative
حط الأغراض محلهن,ضع الأشياء في مكانها المخصص,High,neutral
لا تظل ترغي عالفاضي,لا تستمر بالثرثرة بلا فائدة,Medium,Negative
لويش بتظل ترغي,لماذا تستمر بالثرثرة؟,High,Negative
اتطّلع قدامك وانته ماشي,انظر أمامك أثناء مشيك,High,neutral
امشي دغري,امشِ بشكل مستقيم/مباشر,High,neutral
من الصُبُح بقولك قوم نظَف,أقول لك منذ الصباح: انهض ونظف,Medium,Negative
لويش مبوّز,لماذا أنت عابس؟,High,Negative
لويش بوزك طالع شبرين,لماذا تعبس بشدة؟,High,Negative
شو الهيبة يا زلمة,ما هذا الوقار يا رجل,Medium,positive
صحيت غصب عنّي,استيقظت رغماً عني,Low,Negative
تعال تعلل عندنا اليوم,تعال لنسهر معاً اليوم,High,neutral
اذا ما اجيت بنزعل منك,إذا لم تأتِ سنغضب منك,Low,neutral
خليك بحالك احسنلك,"ابقَ في شأنك (لا تتدخل)، هذا أفضل لك",Medium,Negative
غير هالسيرة يا زلمة سمّيت بدني,"غيّر هذا الموضوع يا رجل، لقد أزعجتني",Medium,Negative
الله يرحم ايام زمان,رحم الله الأيام الخوالي,Low,neutral
هات الخاشوقة من المطبخ,أحضر الملعقة من المطبخ,High,neutral
رايح اقرا,أنا ذاهب لأدرس,Medium,neutral
قربي جاي,اقتربي إلى هنا,Medium,neutral
قرّب علي جاي,اقترب إليّ هنا,Medium,neutral
مش قلتلك لا تروحش,ألم أقل لك ألا تذهب؟,Medium,neutral
عندنا طنجرة جديدة,لدينا قدر طهي جديد,Low,positive
خلصنا بَدنا نروح,"انتهينا، نريد الذهاب",Medium,neutral
انداري ابصر شو ماله,"لا أدري، لست أعلم ما خطبه",High,neutral
والله وجهك منوراليوم,ان وجهك مشرق اليوم,Low,positive
كثير معَصعِص,نحيل البنية جداً,High,Negative
زي ما بقولك,تماماً كما أقول لك,Low,neutral
انداري عنه بجوز زعلان,"لا أدري عنه، ربما هو غاضب",High,Negative
الله اعلم شو صار معه,الله يعلم ماذا حدث له,Low,neutral
بدي منك معروف صغير,أريد منك خدمة صغيرة,Low,neutral
وجهّا مثل البدر,وجهها جميل كالقمر,Medium,positive
والله إنها مليحة,أقسم أنها جيدة/جميلة,High,positive
هيني جاي اصبر علي,"أنا قادم، انتظرني قليلاً",Medium,neutral
بيجوز امُر أنا والاولاد,ربما أزوركم أنا والأبناء,Low,neutral
هاك هاي جبتلك ياها,"خذ هذه، أحضرتها لك",High,positive
جبتّا مثل ما قلتلك,أحضرتها تماماً كما طلبت مني,High,positive
عليكي قراية؟,هل عليكي واجبات مدرسية او امتحانات؟,Medium,neutral
والله إنها قوية,أقسم أنها جريئة/قوية,Low,positive
لويش ساكت ما بتحكي؟,لماذا أنت صامت ولا تتحدث؟,High,neutral
فكك من هالحشي والله مو مليح,"دعك من هذا الكلام، أقسم أنه غير جيد",High,Negative
ساوينا تشعتش عيد وكان مليح,صنعنا كعك العيد وكان لذيذاً/جيداً,High,positive
لفحنا الهوا لفح,ضربنا الهواء البارد بشدة,Medium,Negative
خال ترا الدار دارك,"يا خال، ان البيت بيتك",Medium,positive
شلونك ان شاء الله مليحة,كيف حالكِ؟ أتمنى أن تكوني بخير,Medium,positive
لا تشذب احكي الصحيح,"لا تكذب، قل الحقيقة",High,Negative
والله غير تتفضلوا عنّا اليوم,أقسم أنكم ستزوروننا اليوم رغماً عنكم (للتأكيد على الدعوة),High,positive
والله انا اللي وصلني غير هيك,أقسم أن ما سمعته مختلف عن ذلك,Low,Negative
دق المسمار بالحيط,اطرق المسمار في الحائط,Low,neutral
روح لقط اللوزات عن الشجر,اذهب واقطف حبات اللوز عن الشجرة,Medium,neutral
عَطُول لما شافني ضحك وقال أهلين,فوراً عندما رآني ضحك ورحب بي,Medium,positive
يا زلمة ريحة التراب بعد المطر بتجنّن,"يا رجل، رائحة التراب بعد المطر رائعة جداً",Low,positive
امّي نادت علينا: تعالوا تغدّوا يا أولاد,أمي نادتنا: تعالوا لتناول الغداء يا أولاد,Low,neutral
عَ راسي والله,على رأسي (أمرك مطاع),Medium,positive
عَطُول قِمت,نهضت فوراً,Medium,neutral
امبارح ضو القمر كان مالي الحوش,البارحة كان ضوء القمر يملأ الفناء,Medium,positive
ريحة القهوة عاملة جو بالدار,رائحة القهوة تضفي جواً جميلاً في المنزل,Low,positive
الدار بتظل عامرة بأهلها,المنزل يبقى مليئاً بالحياة بوجود أهله,Low,positive
هاي الدار داركم تفضلوا,"هذا البيت بيتكم، تفضلوا",Low,positive
لويش قاعد هناك تعال هون,لماذا تجلس هناك؟ تعال إلى هنا,High,neutral
روح هاتلنا اشي نشربه,اذهب وأحضر لنا شيئاً لنشربه,Medium,neutral
والله مهو عارف يساويها,أقسم أنه لا يعرف كيف يفعلها,Medium,Negative
شوفه خليه يعلمك شغلة تفيدك,"اذهب إليه، دعه يعلمك شيئاً ينفعك",Low,neutral
انزل عالحوش لقطلنا شوية عنب,انزل إلى الفناء واقطف لنا بعض العنب,High,neutral
لو زرعتلك شجرتين ثلاث هون احسن,لو زرعت شجرتين أو ثلاث هنا لكان أفضل,Low,neutral
انته الغلطان روح تأسف منه,"أنت المخطئ، اذهب واعتذر منه",Low,neutral
بوس راس جدتك يا ولد,قبّل رأس جدتك يا ولد,Low,positive
روح اقرى عندك امتحان,"اذهب وادرس، لديك امتحان",Medium,neutral
والله ابنهم نجح ونِحن مش متوقعين ينجح,ان ابنهم نجح ولم نكن نتوقع ذلك,Low,neutral
ودّي هاظ الصحن لدار عمك,خذ هذا الصحن إلى بيت عمك,Medium,neutral
شو بدك تساويلنا غدا اليوم ,ماذا ستُحضّرين لنا على الغداء اليوم,High,neutral
بسطل قد ماهو حلو,جميل جدًا / لطيف للغاية,Medium,positive
والله هُم هيك قالولي ,والله هم قالوا لي ذلك,High,neutral
مخه نظيف,شخص ذكي فطن و واعي,Medium,positive
والله منتَ تبع قراية,والله أنت لست من النوع الذي يحب الدراسة,High,Negative
والله انه زلمة مليح ,والله إنه رجل طيب,High,positive
لا تتأخر وبوجهك عالدار,لا تتأخر وتعال مباشرةً إلى المنزل,High,neutral
لا تقاطعني وأني بسولف,لا تقاطعني بينما أتحدث,Medium,Negative
مِتْشَعْبِط ع الشجرة,متسلق على الشجرة ومتمسك بها,High,neutral
الدار معجوقة عِجق,المنزل مليء بالفوضى والزحام,High,Negative
مقطوع من شجرة,وحيد ليس له أهل أو سند,Medium,Negative
يا ويلي على شقايا,يا لتعبي وشقائي,High,Negative
لويش متصربع؟,لماذا أنت في عجلة شديدة من أمرك؟,High,Negative
قاعد بتخوّث علينا,يسخر منا,Medium,Negative
والله ماني طايق حالي,أقسم أنني لا أحتمل نفسي,Low,Negative
لُزّ لغاد خليني أقعد,ابتعد قليلاً إلى هناك لأتمكن من الجلوس,High,neutral
لا تدقرش فيني,لا تحتك بي أو تتصيد أخطائي,High,Negative
فُكّنا من هالسولافة,أنهِ هذا الموضوع المزعج,Medium,neutral
مطبوش على راسه,مصاب بضربة على رأسه,High,Negative
خبزات الطابون بشهّن,خبز الطابون البلدي لذيذ جداً,High,positive
طِشّت المي عواعيه,انسكب الماء على ملابسه,High,Negative
رُدّ الباب وراك,أغلق الباب خلفك,Medium,neutral
"انداري عنك، سوّي اللي بدك ياه","لست أدري عنك، افعل ما يحلو لك",High,neutral
الزلمة مهوي وما بنرد عليه,الرجل أحمق ولا يؤخذ بكلامه,High,Negative
طحنا عالسوق اشترينا غراض,نزلنا إلى السوق واشترينا حاجيات,High,neutral
خَلّي عينك عالصغار,انتبه للأطفال وراقبهم,Medium,neutral
الزريعة بدها سقاية,النباتات المزروعة تحتاج إلى الري,Medium,neutral
لا تبحلق فيني هيتش,لا تحدق بي بهذه الطريقة,High,Negative
تِكِسْرِش بخاطره,لا تخيب أمله أو تحزنه,Medium,positive
يا مِشَحّر شو هبّبت؟,يا سيء الحظ ماذا فعلت من كوارث؟,High,Negative
فِشّ غِلّك بيه,أفرغ غضبك فيه,Medium,Negative
تِلْقِطِش حكي ع الطاير,لا تستنتج الكلام بسرعة دون فهم,Medium,Negative
وقع من عيني,سقط من نظري وفقدت احترامي له,Medium,Negative
هالدرب وعرة,هذه الطريق صعبة وغير ممهدة,High,Negative
"لا تِتْخَوّث، بحكي جَد","لا تسخر، أنا أتحدث بجدية",Medium,Negative
زتّ الغراض بالكَرّتونه,ارمِ الأشياء في الصندوق الكرتوني,Medium,neutral
فكّنا من هالسيرة الطرمة,دعنا من هذا الموضوع المزعج والمعقد,High,Negative
غَصّيت باللقمة,وقفت اللقمة في حلقي,Medium,Negative
لا تِتْدَخّل باللي ما بعنيك,لا تتدخل في شؤون غيرك,Low,Negative
شَرّق بالمي وقَحّ,اختنق بالماء أثناء الشرب وسعل,Medium,Negative
فَقّعْت مَرارتي,أغضبتني بشدة حتى كدت أنفجر,Medium,Negative
لَقّطنا حبات الزيتون عن الأرض,جمعنا حبات الزيتون المتساقطة,Medium,neutral
مَدّينا البساط بالحوش,فرشنا السجادة في فناء المنزل,Medium,neutral
دَقَرْت بالحيط,اصطدمت بالجدار,Medium,Negative
"الإشارة حَمْرا، إوْقَف","الإشارة الضوئية حمراء، توقف",Low,neutral
تعبك راحة يا خال,تعبك هو راحة لي ,Medium,positive
عاش من شافك يا زلمة,"طال عمرك، لقد اشتقنا لرؤيتك",Medium,positive
إللي كاتبه الله بصير,قضاء الله وقدره هو ما سيحدث,Low,neutral
مش ناقصنا وجع راس وطُوش,لا نحتاج لمزيد من المشاكل والمشاجرات,Medium,Negative
لا تِظَل تِسْأَل وتِلِعّ,لا تستمر بطرح الأسئلة والثرثرة,High,Negative
حُطّ الغراظ بالكِيس,ضع الأشياء في الكيس,Low,neutral
قرّبي جاي تَا أوشوِشِك,اقتربي إلى هنا لأهمس لك,High,neutral
قُلتِلّك مية مرة لا تْروحِش,أخبرتك مئة مرة ألا تذهب,Medium,Negative
"زي ما بْقولّك، رُدّ علي","افعل تماماً كما أقول لك، أطعني",Medium,neutral
بَدّي منك معروف ولا تْخَجّلني,أريد منك خدمة ولا تردني خائباً,Low,neutral
والله إنها مْليحة وبِنْت حلال,أقسم أنها فتاة جيدة وذات أصل طيب,High,positive
"هيني جاي، أُصْبُر علي دقيقة","أنا قادم، انتظرني دقيقة واحدة",Medium,neutral
جِبِتّا مثل ما إنْتَه رايد,أحضرتها تماماً كما أردت,High,positive
عليك قراية ولاّ فاضي؟,هل لديك دراسة أم أنت متفرغ؟,Medium,neutral
لويش ساكت؟ كِنّك زعلان؟,لماذا أنت صامت؟ هل أنت غاضب؟,High,neutral
"فُكّك من هالحشي، بْلا طعمة","دعك من هذا الكلام، إنه بلا فائدة",High,Negative
سَوّينا لزاقيات وكانت بتشهي,صنعنا حلوى اللزاقيات وكانت لذيذة جداً,High,positive
شْلونِك؟ عساكي مْليحة,كيف حالكِ؟ أتمنى أن تكوني بخير,Low,positive
"لا تْشَذِّب، إحكي الصَحيح طَوّالي","لا تكذب، قل الحقيقة مباشرة",High,Negative
جيرة الله تتفضلوا وتتغدوا,أقسم عليكم بالله أن تتفضلوا وتتناولوا الغداء,High,positive
روح لَقّطلنا تين عن الشجرة,اذهب واقطف التين من الشجرة,Medium,neutral
الدار عامرة بوجودكم,المنزل ممتلئ بالحياة والفرح بوجودكم,Low,positive
لويش قاعد بالشمس؟ تعال عالفيّ,لماذا تجلس تحت الشمس؟ تعال إلى الظل,High,neutral
روح هات إشي نِشْرَبُه نْبِلّ ريقنا,اذهب وأحضر شيئاً نشربه لنبلل ريقنا,Medium,neutral
والله مَهُو عارف يِدَبِّر حالُه,أقسم أنه لا يعرف كيف يتدبر أموره,Medium,Negative
شوفُه خَلّيه يِعَلّمك الصَنْعة,اذهب إليه ودعه يعلمك الحرفة,Low,neutral
"إنتَه الغلطان، روح حِبّ على راسوا","أنت المخطئ، اذهب وقبل رأسه معتذراً",Medium,positive
"روح إقرا، إمتحانك بكرا","اذهب وادرس، امتحانك غداً",Medium,neutral
ودّي هالغراظ لدار عَمّك بسُرعة,خذ هذه الأغراض لبيت عمك مسرعاً,Medium,neutral
لا تِتْدَلّع وإمشي زي الزُلُم,لا تتغنج وامشِ كالرجال,Medium,Negative
حُطّ الحصيرة عالأرض نقعد,ضع الحصيرة على الأرض لنجلس,High,neutral
هالسولافة ما بتخشش مخي,هذا الكلام لا يدخل عقلي ولا أصدقه,High,Negative
زلمة دَغْري وما بحب اللف والدوران,رجل صريح ولا يحب المراوغة,Medium,positive
مِلْتَهي بشغله وما بسأل,منشغل بعمله ولا يسأل عن أحد,Medium,neutral
طَيّح الغراض من السيارة,أنزل الأغراض من السيارة,High,neutral
الولد بِلْعَب بالطينة مْكَيِّف,الولد يلعب بالوحل ومستمتع,Medium,neutral
نَشِّف إيديك بالمنشفة,جفف يديك بالمنشفة,Low,neutral
المَيّ مَقْطوعة من يومين,المياه غير متوفرة منذ يومين,Low,Negative
ضَوّي اللوكُس نِقْعَد,أشعل المصباح الذي يعمل بالكاز لنجلس,High,neutral
التراب بَكُتّ كَتّ,التراب يسقط ويتناثر,High,neutral
قَرِّب عالصوبة تِتْدَفّى,اقترب من المدفأة لتشعر بالدفء,Low,neutral
"الدار ثلج، بَرَدْنا",المنزل شديد البرودة كالثلج,Medium,neutral
الشباك بْفَوِّت هوا,النافذة تسرب الهواء البارد,Low,neutral
سَكِّر الشِقّ بالمعجونة,أغلق الشق أو الثقب بالمعجون,Medium,Negative
السقف بِنَقِّط مَيّ,السقف يسرب قطرات الماء,Medium,Negative
تِزَحْلَقْت وَوَقَعْت عالوطاة,انزلقت وسقطت على الأرض,High,Negative
أواعيّ تِعَبّت طين,ملابسي تلطخت بالوحل,Medium,Negative
غَسِّل البوط من الطينة,اغسل الحذاء من الوحل,Low,neutral
الشارع غِرِق من الشتا,الشارع امتلأ بالماء من المطر,Low,Negative
غَيّمَت وبِدّها تِشْتي,تكاثرت الغيوم ويبدو أنها ستمطر,Low,neutral
الهوا بِطَيِّر العقل,الهواء يذهب العقل من شدة  جماله,Medium,positive
لَمِّلِم الغسيل قبل ما تشْتي,اجمع الملابس المنشورة قبل هطول المطر,Medium,neutral
خَبّا الغراض بالخزانة,أخفى الأشياء داخل الخزانة,Low,neutral
دَوِّر عليه بَلْكي لْقِيتُه,ابحث عنه لعلك تجده,Low,neutral
فَلّ وما خَلّا أَثَر,هرب ولم يترك أي أثر,Medium,neutral
الزلمة طَفَش من الدار,الرجل هرب وترك المنزل من الانزعاج,High,Negative
مِش طايق حَدّا يحكي معُه,لا يحتمل أن يتحدث معه أحد,Medium,Negative
قاعِد بْحارِش بالناس,يجلس ويستفز الناس ليفتعل شجاراً,High,Negative
بَدّور عالمشاكل دَوارة,يبحث عن المشاكل وافتعال الشجارات باستمرار,Medium,Negative
يا زلمة كَبِّر عَقْلَك,يا رجل كن عاقلاً وتجاوز عن الصغائر,Medium,neutral
كِلْمة حَقّ وبِدّها تِنْقال,إنها الحقيقة ويجب أن تقال,Low,neutral
الزلمة قال الصَحيح وما شَذّب,الرجل قال الحقيقة ولم يكذب,High,positive
دَشِّرْك من هالسيرة,اترك هذا الموضوع وتجاوزه,High,neutral
هَظول زلام بْتِنْشَدّ بيهم الظهر,هؤلاء رجال يُعتمد عليهم في الشدائد,High,positive
وِقِف معاي وِقْفِة زَلَمِة,ساندني كَرجل شهم,Medium,positive
ما قَصّرش معاي بالْمَرّة,لم يقصر معي أبداً في تقديم المساعدة,Medium,positive
ما بِيِنْفَع النَدَم هَسّع,الندم لا يفيد الآن,Low,neutral
الرِزْقَة عالله,الأرزاق بيد الله,Low,positive
بلاش لَطّ حكي,كفاك توجيه كلام مبطن أو جارح,Low,Negative
ظَب الفراش,طوى الفراش ورتبه في مكانه,Medium,neutral
لِبْسِت المِدْرَقَة وإطَلْعَت,ارتدت الثوب الفلاحي التقليدي وخرجت,High,neutral
مْعَدَّلَة ونَشْمِيّة,هذه المرأة متقنة لعملها وأصيلة,Medium,positive
نَشْمي بِرْفَع الراس,رجل شجاع وأصيل يدعو للفخر,Medium,positive
الغُصِن مَطْعوج طَعِج,غصن الشجرة مثني بشدة,Medium,Negative
أميت ناويين تفرحونا بالنجاح؟,متى ستسعدوننا بخبر نجاحكم؟,Medium,positive
شلون الزيتونات هالسنة؟ إن شاء الله حاملات,كيف محصول الزيتون هذا العام؟ أتمنى أن يكون وفيراً,High,neutral
شو رأيك نعزم الجيران على فنجان قهوة؟,ما رأيك أن ندعو الجيران لشرب القهوة؟,Medium,neutral
والله الشغل معاك بريح القلب,العمل معك مريح ويبعث على الطمأنينة,Medium,positive
الله يعطيك ليرضيك,أعطاك الله حتى ترضى,Low,positive
شو رأيك نبعث غدا لدار أبو فلان؟,ما رأيك أن نرسل طعام الغداء لعائلة فلان؟,Medium,neutral
والله إنك صاحبة واجب وما بتقصري,أقسم أنكِ تؤدين الواجبات الاجتماعية ولا تقصرين,Medium,positive
والله قعدتكم بتسوى الدنيا وما فيها,الجلوس معكم يعادل الدنيا بأكملها,Medium,positive
"ما شاء الله، الكعكات شقرات وبشهن","ما شاء الله، الكعك محمر ولذيذ جداً",High,positive
شلون الجو عندكم؟ إن شاء الله دافي,كيف الطقس لديكم؟ أتمنى أن يكون دافئاً,Medium,neutral
شو رأيك نساعدهم بالقطاف بكرا؟,ما رأيك أن نعاونهم في قطف الزيتون غداً؟,High,neutral
الله يطعمكم من ثمار الجنة,رزقكم الله من ثمار الجنة,Low,positive
جيب صحن فواكه للضيوف,أحضر طبق الفواكه لتقديمه للضيوف,Low,neutral
شلون دراستك؟ شد حيلك بدنا نرفع راسنا فيك,كيف هي دراستك؟ اجتهد لنفتخر بك,Medium,neutral
ما خلينا دكتور يعتب علينا وما طاب,زرنا كل الأطباء ولم يُشفَ من مرضه,Medium,Negative
أكلنا مقلب مرتب بهالبيعة,تعرضنا لخداع كبير في هذه الصفقة,Medium,Negative
الغسيلات طارن عن الحبل وتعبن طين,الملابس طارت عن الحبل وتلطخت بالوحل,High,Negative
الولد كسر قزاز الجيران بالطابة,الولد كسر زجاج نافذة الجيران بالكرة,Medium,Negative
معقولة تمروا من الحارة وما تطلوا؟,هل يُعقل أن تمروا من الحي ولا تزوروننا؟,High,neutral
لويش مستعجلين يا جماعة؟ لسا ما قعدنا,لماذا أنتم مستعجلون؟ لم نجلس ونتحدث بعد,High,neutral
عاد هاي سولافة بتنسولف بين القرايب؟,هل يعقل أن يقال هذا الكلام بين الأقارب؟,High,Negative
تشيف بالله ما عجبكم الغدا؟,أيعقل أن طعام الغداء لم يعجبكم؟,Medium,Negative
معقولة زعلانين وإحنا مش داريين؟,هل من المعقول أنكم غاضبون منا ونحن لا نعلم؟,Medium,neutral
"لا يا خوي، مش هيتش اتفقنا البارح","لا يا أخي، نحن لم نتفق على هذا النحو البارحة",High,Negative
لويش متغلبين وجايبين هالغراض معاكم؟,لماذا أرهقتم أنفسكم وأحضرتم كل هذه الهدايا؟,High,neutral
جيرة الله تباتوا عندنا,أقسم عليكم بالله أن تناموا عندنا الليلة,High,neutral
لويش ما خبرتونا من قبل تانقوم بالواجب؟,لماذا لم تخبروننا مسبقاً لنقوم بواجب الضيافة؟,High,positive
يا ريتنا كثرنا الأكل لو درينا إنكم جايين,ليتنا أعددنا طعاماً أكثر لو علمنا بقدومكم,Medium,positive
تشيف الجو عندكم؟ إن شاء الله أدفى من هان,كيف الطقس لديكم؟ أتمنى أن يكون أدفأ من منطقتنا,Medium,neutral
لويش ما بتوكلوا؟ الأكل كثير قدامكم,لماذا لا تأكلون؟ الطعام وفير أمامكم,High,neutral
لويش ما بتخلوا الصغار يباتوا عندنا الليلة؟,لماذا لا تدعون الأطفال ينامون في منزلنا هذه الليلة؟,Medium,positive
تشيف الزيت هالسنة؟ إن شاء الله صافي وزاكي,كيف هو زيت الزيتون هذا العام؟ أتمنى أن يكون نقياً ولذيذاً,High,neutral
لويش ما بتخلوا الولد يتعلم الصنعة مع عمه؟,لماذا لا تتركون الولد يتعلم الحرفة مع عمه ليستفيد؟,Medium,neutral
تشيف شفتوا الحوش بعد التعزيل؟,كيف رأيتم فناء المنزل بعد عملية التنظيف الشاملة؟,High,positive
لويش بتكلفوا حالكم وتجيبوا هدايا؟ شوفتكم بتكفي,لماذا تتكلفون بإحضار الهدايا؟ رؤيتكم وحدها تكفينا,High,positive
حطيت إبريق الشاي ع النار تايغلي,وضعت إبريق الشاي على النار ليغلي,High,neutral
زتيت الغراض بالخزانة وسكرت الباب,رميت الأغراض في الخزانة وأغلقت الباب,High,neutral
دشرنا الولد لحاله بالدار وطلعنا,تركنا الولد بمفرده في المنزل وخرجنا,Medium,neutral
اقضب هالشوال من تحت تانرفعه,أمسك هذا الكيس من الأسفل لنستطيع رفعه,High,neutral
رديت الباب وراي عشان البرد,أغلقت الباب خلفي بسبب البرد,Medium,positive
سديت الدين اللي علي وارتحت من همه,دفعت الدين الذي كان علي وارتحت من همه,Low,positive
"انداري شو القصة، ماليش دخل بالموضوع","لا أدري ما هي القصة، ليس لي علاقة بالأمر",High,neutral
بلكي شتت اليوم وانسقى الزرع,ربما تمطر اليوم وترتوي النباتات,Medium,positive
خلص لا تظل تعيد وتزيد بهالسولافة,"يكفي، لا تستمر بتكرار نفس الموضوع",Medium,Negative
خيو ناولني المعلقة من غاد,يا أخي أعطني الملعقة من هناك,High,neutral
الجو مليح اليوم وفيه نسمة هوا باردة,الطقس جيد اليوم وهناك نسيم بارد,Medium,positive
فتنا ع الدار وما لقينا حد فيها,دخلنا إلى المنزل ولم نجد فيه أحداً,High,neutral
قعدت ع الدرج تاريح رجلي من المشي,جلست على الدرج لأريح قدمي من عناء المشي,Low,neutral
سقينا الزريعة قبل ما تطلع الشمس وتحمى,روينا النباتات قبل شروق الشمس واشتداد حرارتها,Medium,neutral
رتبنا الفراشات بالخزانة بعد ما صحينا,رتبنا الأغطية والفرش في الخزانة بعد الاستيقاظ,Medium,neutral
ساوينا مقلوبة وحطينا عليها لوز مقلي,طبخنا المقلوبة وزيناها باللوز المقلي,Low,neutral
حطيت البطيخة بالثلاجة تاتبرد للعصر,وضعت البطيخة في الثلاجة لتبرد وقت الظهيرة,Low,neutral
الغسيلات نشفن ع الحبل وبدنا نلمهن,الملابس جفت على الحبل ونريد جمعها,Medium,neutral
فتحت الشباك تاتفوت الشمس وتهوي الغرفة,فتحت النافذة لتدخل الشمس وتهوي الغرفة,High,neutral
البسة نامت ع البرندة بالفي عشان الشوب,القطة نامت على الشرفة في الظل بسبب الحر,Low,neutral
مسحنا الزيتات اللي انكبّن ع البلاط,مسحنا الزيت الذي انسكب على البلاط,High,neutral
حطيت راسي ع المخدة ونمت طوالي من التعب,وضعت رأسي على الوسادة ونمت فوراً من الإرهاق,Low,neutral
الحجة بتسولف قصص قديمة للولاد الصغار,المرأة العجوز تروي حكايات قديمة للأطفال,Medium,neutral
الجيران بعمروا دار جديدة جنبنا,الجيران يبنون منزلاً جديداً بجوارنا,Medium,neutral
المطر زخ طول الليل وما وقف للصُبُح,المطر هطل بغزارة طوال الليل ولم يتوقف حتى الصباح,High,neutral
طحنا ع الوادي نلقط جعدة وزعتر بري,نزلنا إلى الوادي لنقطف أعشاب الجعدة والزعتر,High,neutral
طويت الحرامات وحطيتهن ع السرير,طويت البطانيات ووضعتها على السرير,Low,neutral
قشرت البصل وعيوني دمعن من الريحة,قشرت البصل ودمعت عيناي من رائحته,Low,neutral
الصوبة هبت وطلعت دخنة سودة,المدفأة اشتعلت بقوة وأخرجت دخاناً أسود,Low,Negative
العنب بعده حامض وما استوى للقطاف,العنب ما زال حامضاً ولم ينضج للقطف بعد,Medium,neutral
اله ع هالقصص الداشر,له اسبقيات بمثل هذه المواقف هذا المتهور,High,Negative
شو هالمصيبة اللي وقعنا بيها!,ما هذه المصيبة التي وقعنا فيها!,High,Negative
لويش طالعين بهالشوب؟,لماذا تخرجون في هذا الحر الشديد؟,High,neutral
الزلمة طفران ومقحط ومش لاقي يوكل,الرجل مفلس تماماً ولا يجد ما يأكله,High,Negative
عزا لويش هيتش مساوي بحالك؟,يا للمصيبة لماذا فعلت بنفسك هكذا؟,High,Negative
"تشيف بالله اللزاقيات، مش بشهن؟","كيف وجدتم حلوى اللزاقيات، أليست لذيذة؟",High,neutral
يا زلمة فكنا من شرك,يا رجل ابعد شرك عنا,High,neutral
يا بيي محلى هالقعدة تحت الزيتونة!,يا إلهي ما أجمل الجلوس تحت شجرة الزيتون!,High,positive
وين زتيت الغراض اللي وصيتك عليهن؟,أين رميت/وضعت الأغراض التي طلبتها منك؟ ,High,neutral
ريحة الجفت خنقتنا خنق بالدار,رائحة تفل الزيتون المحترق خنقتنا في المنزل,Medium,neutral
ول عليك يا زلمة! ما بتشبع لعي؟,يا لك من رجل! ألا تشبع من الثرثرة؟,High,Negative
شو بتلعلع من الصبح؟ ارحم راسنا,ماذا تثرثر منذ الصباح؟ ارحم رؤوسنا,High,Negative
أميت ناوين تفكوا هالسيرة وتريحونا؟,متى تنوون إنهاء هذا الموضوع وإراحتنا؟,High,Negative
الأرض ناشفة بدها شتوة تغسلها,التربة جافة جداً وقاسية وتحتاج لمطر يرويها ,Medium,Negative
هسا هاي سولافة بتفوت العقل يا زلمة؟,"الآن، هل هذه قصة يصدقها العقل يا رجل؟",High,Negative
الولد انفتح راسه والدم شرشر,الولد جُرح في رأسه والدم سال بكثرة,High,Negative
وين داشرين بهالوقت ؟,أين تتسكعون في هذا الوقت؟,High,neutral
والله مقبعة معي لراس مناخيري اليوم,أقسم أنني غاضب جداً وواصلت معي للحد الأقصى اليوم,High,Negative
هالولد ذيب وطالع لعمامه,هذا الولد شجاع وشهم مثل أعمامه,High,positive
ول على هالعيشة اللي بتقصر العمر!,يا لها من حياة صعبة تقصر العمر!,High,Negative
معقولة هاي الأرض كلها إلك لحالك؟,هل يعقل أن كل هذه الأرض ملك لك وحدك؟,Medium,neutral
البياع غشنا وباعنا غراض خامّة,البائع خدعنا وباعنا بضاعة فاسدة,High,Negative
ول يا زلمة! لساك نايم لهسع؟,يا رجل! هل ما زلت نائماً حتى الآن؟,High,neutral
يا بيي ما أطول لسانها!,يا إلهي ما أطول لسانها !,High,Negative
لويش بتعك بالحكي وبتلف وبتدور؟,لماذا تراوغ في الكلام ؟,High,Negative
الطريق كلها حفر وكسرت سياراتنا تكسير,الطريق مليئة بالحفر وأتلفت سياراتنا تماماً,Medium,Negative
زرعات السنة جابن خير وبركة ,محاصيل هذا العام أنتجت كثيرا,High,positive
عزا لويش كبيت الأكل بالزبالة؟,للمصيبة لماذا رميت الطعام في القمامة؟,High,Negative
التلفون وقع وانكسرت شاشته مية شقفة,الهاتف سقط وتحطمت شاشته لمئة قطعة,Low,Negative
الصوبة هبت وطلعت دخنة خنقتنا بالدار,المدفأة اشتعلت بقوة وأخرجت دخاناً خنقنا,High,Negative
تشيف شفتوا محصول اللوز هالسنة؟,كيف وجدتم محصول اللوز هذا العام؟ ,Medium,neutral
ول لساتك بتعجني من الصبح؟,هل ما زلتِ تعجنين منذ الصباح؟ ,High,neutral
أميت بتيجي تاتوخذ غراضك اللي نسيتهن؟,متى ستأتي لتأخذ أغراضك التي نسيتها؟,Medium,neutral
تشيف بالله اللبنة المدحبرة؟ زاكيات صح؟,كيف وجدتم كرات اللبنة؟ لذيذة أليس كذلك؟,High,neutral
لويش بتحط الحق علي وأني مالي دخل؟,لماذا تلقي باللوم علي وأنا ليس لي علاقة؟,High,Negative
يا مشحر! نسيت المفتاح جوا وسكرت الباب؟,يا سيء الحظ! نسيت المفتاح بالداخل وأغلقت الباب؟ ,High,Negative
ول عليك! كل هالحكي ولساتك مش فاهم؟, كل هذا الشرح وما زلت لم تفهم؟ ,High,Negative
لويش بتتمسكن؟,لماذا تتظاهر بالضعف ؟,Medium,Negative
يا بيي محلى ريحة الأرض بعد الشتوية!,يا إلهي ما أجمل رائحة التربة بعد هطول المطر!,High,positive
لويش حاط إيدك ع خدك وصافن؟,لماذا تضع يدك على خدك وشارد الذهن؟ ,Low,neutral
أميت ناوين تعمروا هالدار وتفرحونا؟,متى تنوون بناء هذا المنزل وإسعادنا؟,Medium,neutral
الزلمة بحفر وراي وبده يوقعني بالغلط,الرجل يتجسس عليّ ويريد إيقاعي في الخطأ,Medium,Negative
يا بيي محلى ضحكته,يا إلهي ما أجمل ابتسامته,Low,positive
لويش كبيت الشاي ع السجادة؟,لماذا سكبت الشاي على السجادة؟,High,neutral
الزرعات يبسن من الشوب!,النباتات من شدة الحر! ,High,Negative
والله قعدتكم ما بنشبع منها لو نظل للصُبُح,أقسم أن الجلوس معكم ممتع ولا نكتفي منه حتى لو بقينا للصباح ,Medium,positive
معقولة هاي سعرها هيتش غالي؟,هل يعقل أن سعرها مرتفع هكذا؟,High,neutral
أميت بَدنا نعزل الدار ؟,متى سننظف البيت؟,High,neutral
والله ريحة الزعترات غير شكل,رائحة الزعتر جكيلة,Low,positive
لويش بتحط الحق ع غيرك وأنته الغلطان؟,لماذا تلقي باللوم على غيرك وأنت المخطئ؟,Medium,Negative
معقولة هاي الجبنة خامّة ؟,هل يعقل ان هذا الجبن فاسد؟,Medium,Negative
لُف علي وسولف,التفت إليّ وتحدث,High,neutral
جيرة الله تتفضلوا تذوقوا اللزاقيات اللي ساويناها اليوم,بالله عليكم أن تتفضلوا لتذوقوا حلوى اللزاقيات التي صنعناها اليوم.,High,neutral
"لا تنزل عالحرش بهالوقت، الجو برا ببرّد العظم.","لا تذهب إلى الغابة في هذا الوقت، فالطقس في الخارج شديد البرودة.",High,neutral
هالولد سرسري ودير بالك منه,هذا الولد سيء السمعة فاحذر منه,Medium,Negative
"دشرك من لبسه، الزلم مخابر مش مناظر يا خال","دَعْكَ من ملابسه، فالرجال يُعرفون بأفعالهم لا بمظاهرهم",High,neutral
"الزلمة مطفّر ومقحط، لا تصيروا كلكم عليه لإنو حيطه واطي.","الرجل مفلس تماماً، لا تتكالبوا عليه لأنه ضعيف ومستضعف.",Medium,Negative
ريحة اللبنة المدحبرة بتشرح القلب,رائحة كرات اللبنة تبهج القلب وتسر الخاطر.,High,positive
لويش متصربع؟ اقعد اشربلك فنجان قهوة.,لماذا أنت في عجلة من أمرك وتريد الذهاب؟ اجلس واشرب فنجاناً من القهوة.,High,Negative
"الولد معصمص وظعفان كثير، كنه ما بوكل مليح بالدار.","الولد نحيل وضعيف جداً، يبدو أنه لا يأكل جيداً في المنزل.",High,Negative
الولد طاح وهو يركض ودقر بحجر عالطريق.,سقط الولد بقوة أثناء ركضه وتعثر بحجر في الطريق.,High,Negative
لويش بوزك شبرين ومكشر من الصبح؟ اضحك شوي,لماذا تعبس وتلوي شفتيك منذ الصباح؟ ابتسم قليلا,High,Negative
لويش طالع بهالشوب والتراب بكت كت؟ ارجع عالدار.,لماذا تخرج في هذا الحر الشديد والتراب يتناثر؟ عُد إلى المنزل.,High,neutral
"الدار ثلج بردنا، هاتلك كمشة حطب ناشف نولع الصوبة.","المنزل بارد جداً، أحضر قليلاً من الحطب الجاف لنشعل المدفأة.",High,neutral
"يا بيي ما اخم ريحة هاللبنة، كبها غاد","يا إلهي ما أسوأ رائحة هذه اللبنة، ارمها بعيداً",High,Negative
طحنا عالسوق امبارح واشتريت بسطار مليح للشغل.,نزلنا إلى السوق البارحة واشتريت حذاءً عسكرياً جيداً للعمل.,High,positive
"الزلمة قال الصحيح وما شذب بحرف، لا تظلموه.","الرجل قال الحقيقة ولم يكذب بأي حرف، لا تظلموه.",High,positive
ناولني هالخاشوقة خليني اكل,أعطني هذه الملعقة لآكل اللبنة,High,neutral
"يا ولد انطم واسكت، عزرت علينا قدام الضيوف.","يا ولد اصمت، لقد فضحتنا أمام الضيوف.",High,Negative
خيّو هيني ظبيت كل الوعية بالخزانة وسكرت الباب.,يا أخي لقد رتبت كل الملابس في الخزانة وأغلقت الباب.,High,neutral
"روحي طالعة من التعب، انكسر ظهري وأني بلقط زيتون.","أنا في غاية التعب والإرهاق، أُرهق ظهري وأنا أقطف الزيتون.",High,Negative
"الحصان مربوط عند البيدر، روح طعميه واسقيه مي.","الحصان مربوط عند مكان جمع الحصاد، اذهب وأطعمه واسقه الماء.",High,neutral
"والله قعدتكم بتسوى الدنيا، يا مية هلا بجيتشكم.","أقسم أن الجلوس معكم يعادل الدنيا، مئة أهلاً بقدومكم.",High,positive
سيبك منه هاظ ﺗِﻨﺢ وما برد على حدا لو تموت.,"دعه وشأنه، هذا شخص عنيد جداً ولا يستمع لأحد مهما حدث.",High,Negative
"البنت مليحة وطالعة لأمها، الله يحفظها من كل شر.","الفتاة جميلة جداً وتشبه أمها، حفظها الله من كل سوء.",High,positive
عبينا الخزان بالزور.,ملأنا الخزان بصعوبة.,High,Negative
"دشرنا الولد لحاله بالدار، خايف يكون خربها.","تركنا الولد بمفرده في المنزل، أخشى أن يكون قد أفسد الأشياء.",High,neutral
"الزريعة بدها سقاية، الارض ناشفة والشمس حامية.","النباتات بحاجة للري، التربة جافة والشمس حارقة.",High,neutral
امسك من إيدي ل توقعه عالدرج وتكسر راسه.,أمسكه من يده كي لا تسقطه على السلالم فيُصاب في رأسه.,High,neutral
"غصبن عنك بدك تروح تعتذر من عمك، انته الغلطان.","رغماً عنك ستذهب وتعتذر من عمك، لأنك أنت المخطئ.",High,positive
"هاي الحبة مخمجة من الشمس، زتها غاد لا توكلها.","هذه الثمرة أفسدتها حرارة الشمس، ارمها هناك ولا تأكلها.",High,Negative
"لا تظل تمطمط بالحكي، اعطيني الصافي وريح راسي.","لا تطل في الكلام والمماطلة، أعطني الخلاصة وأرح بالي.",High,Negative
اطلع من هون قبل ما تدبّق الأرض من الشتا ونعلق.,غادر من هنا قبل أن تصبح الأرض موحلة من المطر ونعلق فيها.,High,neutral
امسكها مليح لا تُمزط من ايدك وتنكسر مية شقفة.,أمسكها جيداً كي لا تنزلق من يدك وتتحطم لمئة قطعة.,High,neutral
قعدنا بالحوش نقرقش بزر ونتعلل لوجه الصبح.,جلسنا في فناء المنزل نأكل البذور ونسهر حتى الفجر.,High,positive
"لا تسُم بَدَني من الصبح، مش ناقصني وجع راس.","لا تعكر مزاجي وتغضبني منذ الصباح، لا أحتاج لمزيد من المشاكل.",High,Negative
"سقا الله ايام زمان، كانت الناس لبعضها والقلوب صافية.","يا ليت أيام الماضي تعود، كانت الناس تتساند والقلوب نقية.",High,neutral
"والله الصغار بِهِدّوا الحيل، روحي طالعة من وراهم.","أقسم أن الأطفال يرهقون القوى، أنا متعب جداً بسببهم.",High,Negative
"انقبر نام هسع، بكرا ورانا قومة من الفجر","اذهب للنوم الآن (توبيخ)، غداً علينا الاستيقاظ فجراً",High,Negative
"المي مقطوعة من يومين، والمزراب بنقط تنقيط.","المياه غير متوفرة منذ يومين، وميزاب الماء يسرب قطرات فقط.",High,Negative
"روح غاد بحز عني، خليني اعرف اشتغل براحتي.","ابتعد إلى هناك وابتعد عني، دعني أستطيع العمل براحتي.",High,neutral
شو مالك بوزك شبرين؟ ليكون مش عاجبك الاكل؟,لماذا أنت عابس بشدة؟ هل يُعقل أن الطعام لم يعجبك؟,High,Negative
"بالله قول لعمي انّي جاي، خليه يستناني عالباب.","بالله عليك أخبر عمي أنني قادم، دعه ينتظرني عند الباب.",High,neutral
"هات الرشوف ناكله، والله اني ميت من الجوع.","أحضر أكلة الرشوف لنتناولها، أقسم أنني أتضور جوعاً.",High,neutral
يا غبصا لويش عامل هيك بالزرعات؟ خربتهن كلهن.,يا غبي لماذا فعلت هكذا بالنباتات؟ لقد أتلفتها جميعاً.,High,Negative
"لا تظل تتأفف اشتغل، الشغل بده زلام مش حكي.","لا تستمر بالتذمر والشكوى بل اعمل، العمل يحتاج رجالاً لا كلاماً.",High,Negative
"شال الحمل على ظهره وما شكى لحدا، زلمة كفو.","تحمل المسؤولية كاملة ولم يشتكِ لأحد، إنه رجل يُعتمد عليه.",High,positive
صُب القهوة بالدلة وضيف المعازيب اللي اجوا هسه.,اسكب القهوة في الدلة وقدمها للضيوف الذين وصلوا للتو.,High,positive
"خليه بحاله لا تصيبه، هو من الله مطفر.","اتركه وشأنه ولا تلمسه، فهو بطبيعته مفلس تماماً.",High,neutral
شلّف الولد الحقوه قبل ما يضيع بالحرش بالليل.,"هرب الولد، اركضوا خلفه قبل أن يضيع في الغابة ليلاً.",High,Negative
الجلي مكوّم عالمجلى من امبارح.,الأطباق المتسخة متراكمة على الحوض منذ البارحة.,High,Negative
شو هالقَعدة العوجة؟ اقعد زي العالم والناس.,ما هذه الجلسة الخاطئة؟ اجلس باعتدال كما يفعل الناس.,High,Negative
"والله غير تميّل وتتغدى عندنا، جيرة الله ما بتروح.","أقسم أنك ستزورنا وتتناول الغداء، أقسمت عليك بالله ألا تذهب.",High,positive
"بلاش هبل، ركز مليح باللي بقوله الك.","كفاك غباءً وبلاهة، ركز جيداً في الكلام الذي أقوله لك.",High,Negative
طلع الطحين من القواره بدنا نخبز خبزات طابون.,"أخرج الطحين من مخزن الحبوب الطيني، نريد خبز خبز الطابون.",High,neutral
"لا تلعب بالجلاطه وتوسخ اواعيك، هسه امك بتذبحك.","لا تلعب بالوحل وتلطخ ملابسك، الآن ستعاقبك أمك بشدة.",High,Negative
هيني جاي اصبر علي مسافة طريق وبكون عندك.,"أنا قادم، انتظرني قليلاً، سأكون عندك بعد وقت قصير.",Medium,neutral
"لا تِتْخَوْث علينا ، السولافة جد مش لعب.","لا تسخر منا وتضحك، الموضوع جدي وليس مزاحاً.",High,Negative
"دير بالك لا تزحلق عالوطاة، الطينة بتزحلق كثير.","احذر أن تنزلق على الأرض، الوحل يسبب الانزلاق بشدة.",High,neutral
ركض عليه مثل الطلق ومسكه قبل ما يفل من الدار.,ركض نحوه بسرعة كالرصاصة وأمسك به قبل أن يهرب من المنزل.,High,neutral
شو اللعي الفاضي هاظ؟ فكنا من سيرته الطرما.,ما هذا الكلام الفارغ؟ أرحنا من هذه القصة المزعجة.,High,Negative
"والله إن فلان غانم، وعلومه بتبيّض الوجه دايماً.","أقسم أن فلاناً رجل شهم، وأخباره ترفع الرأس دائماً.",High,positive
لويش مطنشنا وما بترد علينا؟ زعلان ولا شو قصتك؟,لماذا تتجاهلنا ولا تجيبنا؟ هل أنت غاضب أم ما هو خطبك؟,High,Negative
"خربتّا بأيدك، ما حدا قلك تروح تلعب بالكهربا.","أفسدتها بيدك، لم يطلب منك أحد أن تعبث بالكهرباء.",High,Negative
ادفش زي العالم خلينا نقدر نطلع السيارة من الطينة.,ادفعها بقوة كما يفعل الناس لنتمكن من إخراج السيارة من الوحل.,Medium,neutral
"الدار معجوقة عِجق، قوموا رتبوا الفراشات بسرعة.","المنزل يعم بالفوضى والزحام، انهضوا ورتبوا الأغطية بسرعة.",High,Negative
"طُشّت المي ع الأرض، جيب ممسحة ونشفها","انسكب الماء على الأرض، أحضر ممسحة وجففها",High,neutral
"انكسر خاطري عليه، هالحزين ما اله حدا بالدنيا.","شعرت بالحزن والشفقة عليه، هذا المسكين ليس له سند في الدنيا.",High,Negative
"لا تظلكيش تبربر، راسي مفلوق فلق وبده ينفجر.","لا تستمري بالثرثرة المزعجة، رأسي مصدع جداً ويكاد ينفجر.",High,Negative
عشو ناوي يا زلمة؟ ترا الطابق وانكشف للكل.,ماذا تنوي أن تفعل يا رجل؟ للعلم المؤامرة انكشفت للجميع.,High,Negative
هات الغربال جاي نصفي القمح قبل ما نطحنه.,أحضر الغربال إلى هنا لنصفي القمح من الشوائب قبل طحنه.,High,neutral
"والله ما بَدري وين الله حاطه، طالع من الفجر وما رجع.","أقسم أنني لا أعلم أين هو أو ماذا يفعل، خرج فجراً ولم يعد.",Medium,neutral
ما بستحي على دمه,وقح لا يشعر بالخجل,High,Negative
طلع الحلة من الخزانة بدنا نطبخ مكمورة اليوم.,"أخرج القدر الكبير من الخزانة، سنطبخ أكلة المكمورة اليوم.",High,neutral
شو هالمصيبة اللي وقعنا بيها!,ما هذه المصيبة التي وقعنا فيها!,High,Negative
"انطمر بالفرشة ونام، بكرا عندك قراية وامتحان.","تخبأ في فراشك ونَم، غداً لديك دراسة وامتحان.",High,Negative
"هذا زلمة فاهي وما بجمع، لا تعتمد عليه بشي.","هذا رجل بطيء الفهم ولا يستوعب، لا تعتمد عليه في أي شيء.",High,Negative
"لا تطيح عن الدرج، دير بالك وانته نازل.","لا تسقط عن السلالم، انتبه لنفسك وأنت تنزل.",High,neutral
شو مالك مكشر ولاوي بوزك؟,لماذا أنت عابس وممتعض؟,High,Negative
شو اللي مساويه بحالك؟,ماذا فعلت بنفسك؟,High,neutral
"خبّصت الدنيا تخبيص، مين قلك تتصرف لحالك؟","لقد أفسدت الأمور تماماً، من طلب منك أن تتصرف بمفردك؟",High,Negative
"لا تحرث عليّ، الواحد مش لاحق عحاله.","لا ترهقني بكثرة الطلبات المتتالية، أنا بالكاد أجد وقتاً لنفسي.",High,Negative
خيّط الفتق اللي بثوبك قبل ما تطلع قدام الناس.,أرقع الثقب الذي في ثوبك قبل أن تخرج أمام الناس.,High,neutral
يا مشحر شو سويت؟ جبت العيد وفضحتنا بالحارة.,يا سيء الحظ ماذا فعلت؟ ارتكبت كارثة وفضحتنا في الحي.,High,Negative
خذ هاك هذول روح اشتري غراض من الدكانة.,"خذ هذه (النقود)، اذهب واشترِ بعض الأغراض من المتجر.",High,neutral
"سيرة وانفتحت، خلينا ننسى اللي صار.","موضوع وبدأ النقاش فيه، دعونا ننسى الماضي.",High,neutral
"الجو طقع اليوم، هاتلك كاسة شاي نطلع عالبلكونة.","الطقس رائع جداً اليوم، أحضر كوب شاي لنخرج إلى الشرفة.",High,positive
"فكني من هالطابق، مش ناقصني طلايب ومشاكل.","أبعدني عن هذه المشكلة والقصة، لا أحتاج لمطالبات ومشاكل.",High,Negative
اقعد واهدى يا زلمة.,اجلس واهدأ يا رجل.,High,neutral
سولافة ما بتخشش المخ.,قصة لا يصدقها العقل.,High,Negative
"الزلمة مطفر ومقحط، داينته ليرتين يمشي حاله.","الرجل مفلس ومعدم تماماً، أقرضته دينارين ليتدبر أموره.",High,Negative
هات الغربال نصفي القمحات,أحضر المنخل الواسع لتصفية القمح,High,neutral
"والله الاكل شاط وريحته طلعت، طفي النار تحته.","أقسم أن الطعام احترق وظهرت رائحة شياطه، أطفئ النار من تحته.",High,Negative
"انداري عنه ابصر ماله، من امبارح وهو مسكر على حاله.","لا أدري عنه، لست أعلم ما خطبه، منذ البارحة وهو يغلق بابه على نفسه.",High,Negative
"زتّها غاد ولا تسأل عنها، خربانة وما منها فايدة.","ارمها هناك ولا تكترث لها، إنها متعطلة ولا فائدة منها.",High,Negative
"اقعد محلك ولا تتحرك، خليك عاقل بلاش اضربك.","اجلس مكانك ولا تتحرك ، كن هادئاً كي لا أضربك.",High,Negative
"شايفتك اليوم تعبان ومهموم، احكيلي شو مالك.","أراك اليوم متعباً وتحمل هماً، أخبرني ما بك.",High,Negative
ترا عارفين البير وغطاه كله.,نحن نعرف كل الأسرار والخبايا.,High,neutral
بديش اشوف رقعتك بالدار.,لا أريد أن أرى وجهك في هذا المنزل.,High,Negative
"يا ولد لا تظل تحوس بالدار، اقعد بمكانك دوختني.","يا ولد لا تستمر بالحركة بكثرة في المنزل، اجلس في مكانك لقد أصبتني بالدوار.",High,neutral
"الزلمة معلل لابنه اليوم، والدار مليانة معازيب.","الرجل يقيم سهرة لابنه اليوم، والمنزل ممتلئ بالضيوف.",High,positive
"هالولد هامل وما بستحي، الله يعين اهله على بلوتهم.","هذا الولد سيء السلوك ولا يخجل، أعان الله أهله على مصيبتهم.",High,Negative
فك ريقك بلقمة لبنة قبل ما تطلع ع شغلك من الصبح.,تناول شيئاً بسيطاً كقطعة جبن لتكسر جوعك قبل الذهاب لعملك صباحاً.,High,neutral
"لا تتشكون وتظل تعيد وتزيد، توكل ع الله والرزق عليه.","لا تكثر الشكوى وتستمر في التكرار، توكل على الله فالرزق بيده.",High,neutral
ملخوم مش عارف شو اساوي بهالمصيبة اللي طبت فوق راسي.,مرتبك ولا أعرف ماذا أفعل في هذه المصيبة التي حلت بي.,High,Negative
ولعت معه لما سمع السولافة,غضب بشدة عندما سمع القصة,High,Negative
"اجبر بخاطره بكلمتين، الزلمة مكسور وحزين على ولده.","واسِه ببعض الكلمات الطيبة، الرجل حزين ومنكسر على ابنه.",Medium,positive
"حُكّ قاع الطنجرة مليح، الاكل شاط ولزق بيها.","اكشط قاع القدر جيداً، الطعام احترق والتصق به.",High,neutral
لمّ الغسيل ناشف عن الحبل قبل ما تعج الدنيا غبرة.,اجمع الملابس وهي جافة عن الحبل قبل أن يمتلئ الجو بالغبار.,Medium,neutral
"هات الملاقط ننشر الغسيلات عالسطح، الجو دافي وبجنن.","أحضر مشابك الغسيل لنعلق الملابس على السطح، الجو دافئ ورائع.",High,neutral
"دقرت معي وبديش اروح، مهما حاولتوا تقنعوني وتلِحّوا.","تعندت الأمور معي ولا أريد الذهاب، مهما حاولتم إقناعي والإلحاح علي.",High,Negative
"طابق وانكشف للكل، ما ظل فيها مخبا يا زلمة.","مؤامرة ودُبرت بليل وانكشفت للجميع، لم يعد هناك أسرار يا رجل.",Medium,Negative
الزلمة ملبّك مش عارف يحكي كلمتين على بعض قدام الناس.,الرجل مرتبك ولا يستطيع نطق كلمتين متتاليتين أمام الناس.,Medium,Negative
"عينه قوية وبكابر، مع انه هو اللي خرب الدنيا.","وقح ويكابر، رغم أنه هو من أفسد الأمور.",Medium,Negative
خبّرني شو اللي صار بغيابي امبارح.,أخبرني عما حدث في غيابي البارحة.,Medium,neutral
"فورت دمي بتصرفاتها، ما بتستحي على دمها بالمرة.","أغضبتني بشدة بتصرفاتها، إنها لا تخجل أبداً.",High,Negative
"شرق بالمي وهو يشرب، دقوله على ظهره تايتنفس.","اختنق بالماء أثناء الشرب، اضربوا على ظهره ليتمكن من التنفس.",Medium,Negative
جبّص إيده بعد ما طاح عن الدرج وانكسرت.,وضع جبيرة على يده بعد أن سقط بقوة من السلالم وكُسرت.,Medium,Negative
"بيعرج عرج من وجع رجله، بده عكازة يسند عليها وهو ماشي.","يمشي بصعوبة من ألم في ساقه، يحتاج لعصا يعتمد عليها أثناء المشي.",Low,Negative
وين طاشش من الصبح؟,أين تتسكع منذ الصباح؟,Medium,neutral
"لا تظلكيش تلعلعي وتصيحي، فضحتونا قدام الجيران.","لا تستمري بالصراخ والثرثرة، لقد فضحتمونا أمام الجيران.",High,Negative
شو هالهيصة والزعبرة بالدار؟ كنكم متهاوشين ؟,ما هذه الفوضى والصراخ في المنزل؟ هل أنتم متشاجرون؟,Medium,Negative
قوم حرّك حالك لا تضل متسمّر محلك زي الصنم ,انهض وتحرك لا تبقَ ثابتاً في مكانك كالتمثال,Medium,neutral
انزل عالحوش لملم الغسيلات قبل ما تندي وتتبلل بالليل.,انزل إلى الفناء واجمع الملابس قبل أن يصيبها الندى وتتبلل ليلاً.,Medium,neutral
"خلص عاد لا تمُطها، السالفة مش مستاهلة كل هاظ اللعي.","يكفي لا تطل في الموضوع، الأمر لا يستحق كل هذه الثرثرة.",Medium,Negative
يا بَييه قد ما رغيت! راسي صار قد الطبل من سواليفك.,يا إلهي كم ثرثرت! رأسي انتفخ من الصداع من كثرة قصصك.,High,Negative
"والله طالع طقع اليوم، اللبسة هاي بتجنن عليك ولايقة.","تبدو بأبهى حلة اليوم، هذه الملابس رائعة ومناسبة لك.",Medium,positive
"تظلكاش تراجع فيني على كل كلمة، خليني اكمل حتشي.","لا تستمر بمجادلتي على كل كلمة، دعني أكمل كلامي.",High,Negative
"لا تطيح عن الدرج وانته مستعجل، دير بالك لتتزحلق.","لا تسقط عن السلالم وأنت مسرع، احذر أن تنزلق.",High,neutral
"نادي ع خوالك جاي يتغدوا، الاكل صار جاهز ","نادِ أخوالك إلى هنا ليتناولوا الغداء، الطعام جاهز",High,neutral
امسكها مليح لا تُمزط من ايدك وتكسرها عالبلاط وتخربها.,أمسكها جيداً كي لا تنزلق من يدك وتتحطم على البلاط وتتلف.,High,neutral
والله انه ازعر وبدور عالمشاكل دوارة بالحارة مش مخلي حدا.,أقسم أنه مشاغب ويبحث عن المشاكل باستمرار في الحي لم يترك أحداً.,Medium,Negative
طاحت تحت الطاولة دور عليها غاد بلكي لقيتها واقعة.,"سقطت تحت الطاولة، ابحث عنها هناك لعلك تجدها ساقطة.",High,neutral
"تظلكيش تبربر عالفاضي، ما حدا سامعك اصلا ولا معبرك.","لا تستمري بالثرثرة المزعجة، لا أحد يستمع إليكِ أصلاً ولا يكترث لكِ.",Medium,Negative
سقا الله اتخرّج واخلص من هالهم والتعب اللي انا فيه من سنين.,يا ليتني أتخرج قريباً وأتخلص من هذا الهم والتعب الذي أعيشه منذ سنين.,High,neutral
"قاعد بفحّط بالسيارة زي المجنون، بده يذبحنا وراه.","يقوم بالاستعراض بالسيارة كالمجنون، يريد قتلنا خلفه.",Medium,Negative
"قبّعت معي من تصرفاته الهاملة، مش قادر اتحمله اكثر.","نفد صبري من تصرفاته السيئة، لا أستطيع تحمله أكثر.",High,Negative
"خلص ملّقت وزادت عن حدها، السولافة بطلت تضحك بالمرة.","يكفي لقد أصبحت سخيفة وتجاوزت الحد، القصة لم تعد مضحكة إطلاقاً.",Medium,Negative
"جَخّة والله هالسيارة الجديدة، تتهنى بيها يا رب ويسعدك.","شيء رائع جداً هذه السيارة الجديدة، تتهنى بها يا رب ويسعدك.",High,positive
"لا تظلكيش تهبد وتألف حكي من عندك، احكي الصحيح وبس.","لا تستمري في التحدث بهراء واختلاق كلام، قولي الحقيقة فقط.",Medium,Negative
"تعال نروح نتروّح عالدار، الجو صار عتمة وبرد ","تعال لنعود إلى المنزل، الجو أصبح مظلماً وشديد البرودة.",High,neutral
هسع ظاقت عينك عَهالشغلة بس شفتها معي ؟,الآن طمعت في هذا الشيء فقط عندما رأيته معي؟,High,neutral
"ترا هو سرسري مش هيّن، لا تأمنله على اشي بالمرة.","للعلم هو محتال وليس سهلاً، لا تأتمنه على شيء أبداً.",High,Negative
"لد شوف هذا الإجقم شو عامل بالسيارة، طعجها طعج وراح.","انظر ماذا فعل هذا المتعجرف بالسيارة، صدمها بشدة وهرب.",High,Negative
"ترا مقبعة معي من الصبح، لا تخليني افش غلي بيك هسه.","للعلم أنا غاضب جداً منذ الصباح، لا تجعلني أفرغ غضبي بك الآن.",High,Negative
"لِِز ل غاد خليني اقعد جنبك، الكرسي وسيع بكفينا احنا الاثنين.","ابتعد إلى هناك لأجلس بجانبك، الكرسي يتسع لنا نحن الاثنان.",High,neutral
سيبك منه هاظ ﺗِﻨﺢ وما بفهم السولافة من اول مرة,"دعه، إن هذا الشخص عنيد ولا يفهم القصة",Medium,Negative
"بتهبل قاعد ومسوي حاله مش عارف القصة، وهو اللي مخرب الدنيا.","يتظاهر بالغباء ويدّعي أنه لا يعرف القصة، وهو من أفسد كل شيء.",Medium,Negative
"بيّاع حكي وما بطلع بيده اشي وقت الجد، بس شاطر يسولف.","شخص يكثر الكلام ولكن لا يفعل شيئاً وقت الجد، بارع في الثرثرة فقط.",Medium,Negative
,,,
,,,
,,,
,,,
,,,
,,,
,,,
,,,
,,,
,,,
,,,
,,,
,,,
,,,
,,,
,,,
,,,
,,,
,,,
,,,
,,,
,,,
,,,
,,,
,,,
,,,
,,,
,,,
,,,
,,,
,,,
,,,
,,,
,,,
,,,
,,,
,,,
,,,
,,,
,,,
,,,
,,,
,,,
,,,
,,,
,,,
,,,
,,,
,,,
,,,
,,,
,,,
,,,
,,,
,,,
,,,
,,,
,,,
,,,
,,,
,,,
,,,
,,,
,,,
,,,
,,,
,,,
,,,
,,,
,,,
,,,
,,,
,,,
,,,
,,,
,,,
,,,
,,,
,,,
,,,
,,,
,,,
,,,
,,,
,,,
,,,
,,,
,,,
,,,
,,,
,,,
,,,
,,,
,,,
,,,
,,,
,,,
,,,
,,,
,,,
,,,
,,,
,,,
,,,
,,,
,,,
,,,
,,,
,,,
,,,
,,,
,,,
,,,
,,,
,,,
,,,
,,,
,,,
,,,
,,,
,,,
,,,
,,,
,,,
,,,
,,,
,,,
,,,
,,,
,,,
,,,
,,,
,,,
,,,
,,,
,,,
,,,
,,,
,,,
,,,
,,,
,,,
,,,
,,,
,,,
,,,
,,,
,,,
,,,
,,,
,,,
,,,
,,,
,,,
,,,
,,,
,,,
,,,
,,,
,,,
,,,
,,,
,,,
,,,
,,,
,,,
,,,
,,,
,,,
,,,
,,,
,,,
,,,
,,,
,,,
,,,
,,,
,,,
,,,
,,,
,,,
,,,
,,,
,,,
,,,
,,,
,,,
,,,
,,,
,,,
,,,
,,,
,,,
,,,
,,,
,,,
,,,
,,,
,,,
,,,
,,,
,,,
,,,
,,,
,,,
,,,
,,,
,,,
,,,
,,,
,,,
,,,
,,,
,,,
,,,
,,,
,,,
,,,
,,,
,,,
,,,
,,,
,,,
,,,
,,,
,,,
,,,
,,,
,,,
,,,
,,,
,,,
,,,
,,,
,,,
,,,
,,,
,,,
,,,
,,,
,,,
,,,
,,,
,,,
,,,
,,,
,,,
,,,
,,,
,,,
,,,
,,,
,,,
,,,
,,,
,,,
,,,
,,,
,,,
,,,
,,,
,,,
,,,
,,,
,,,
,,,
,,,
,,,
,,,
,,,
,,,
,,,
,,,
,,,
,,,
,,,
,,,
,,,
,,,
,,,
,,,
,,,
,,,
,,,
,,,
,,,
,,,
,,,
,,,
,,,
,,,
,,,
,,,
,,,
,,,
,,,
,,,
,,,
,,,
,,,
,,,
,,,
,,,
,,,
,,,
,,,
,,,
,,,
,,,
,,,
,,,
,,,
,,,
,,,
,,,
,,,
,,,
,,,
,,,
,,,
,,,
,,,
,,,
,,,
,,,
,,,
,,,
,,,
,,,
,,,
,,,
,,,
,,,
,,,
,,,
,,,
,,,
,,,
,,,
,,,
,,,
,,,
,,,
,,,
,,,
,,,
,,,
,,,
,,,
,,,
,,,
,,,
,,,
,,,
,,,
,,,
,,,
,,,
,,,
,,,
,,,
,,,
,,,
,,,
,,,
,,,
,,,
,,,
,,,
,,,
,,,
,,,
,,,
,,,
,,,
,,,
,,,
,,,
,,,
,,,
,,,
,,,
,,,
,,,
,,,
,,,
,,,
,,,
,,,
,,,
,,,
,,,
,,,
,,,
,,,
,,,
,,,
,,,
,,,
,,,
,,,
,,,
,,,
,,,
,,,
,,,
,,,
,,,
,,,
,,,
,,,
,,,
,,,
,,,
,,,
,,,
,,,
,,,
,,,
,,,
,,,
,,,
,,,
,,,
,,,
,,,
,,,
,,,
,,,
,,,
,,,
,,,
,,,
,,,
,,,
,,,
,,,
,,,
,,,
,,,
,,,
,,,
,,,
,,,
,,,
,,,
,,,
,,,
,,,
,,,
,,,
,,,
,,,
,,,
,,,
,,,
,,,
,,,
,,,
,,,
,,,
,,,
,,,
,,,
,,,
,,,
,,,
,,,
,,,
,,,
,,,
,,,
,,,
,,,
,,,
,,,
,,,
,,,
,,,
,,,
,,,
,,,
,,,
,,,
,,,
,,,
,,,
,,,
,,,
,,,
,,,
,,,
,,,
,,,
,,,
,,,
,,,
,,,
,,,
,,,
,,,
,,,
,,,
,,,
,,,
,,,
,,,
,,,
,,,
,,,
,,,
,,,
,,,
,,,
,,,
,,,
,,,
,,,
,,,
,,,
,,,
,,,
,,,
,,,
,,,
,,,
,,,
,,,
,,,
,,,
,,,
,,,
,,,
,,,
,,,
,,,
,,,
,,,
,,,
,,,
,,,
,,,
,,,
,,,
,,,
,,,
,,,
,,,
,,,
,,,
,,,
,,,
,,,
,,,
,,,
,,,
,,,
,,,
,,,
,,,
,,,
,,,
,,,
,,,
,,,
,,,
,,,
,,,
,,,
,,,
,,,
,,,
,,,
,,,
,,,
,,,
,,,
,,,
,,,
,,,
,,,
,,,
,,,
,,,
,,,
,,,
,,,
,,,
,,,
,,,
,,,
,,,
,,,
,,,
,,,
,,,
,,,
,,,
,,,
,,,
,,,
,,,
,,,
,,,
,,,
,,,
,,,
,,,
,,,
,,,
,,,
,,,
,,,
,,,
,,,
,,,
,,,
,,,
,,,
,,,
,,,
,,,
,,,
,,,
,,,
,,,
,,,
,,,
,,,
,,,
,,,
,,,
,,,
,,,
,,,
,,,
,,,
,,,
,,,
,,,
,,,
,,,
,,,
,,,
,,,
,,,
,,,
,,,
,,,
,,,
,,,
,,,
,,,
,,,
,,,
,,,
,,,
,,,
,,,
,,,
,,,
,,,
,,,
,,,
,,,
,,,
,,,
,,,
,,,
,,,
,,,
,,,
,,,
,,,
,,,
,,,
,,,
,,,
,,,
,,,
,,,
,,,
,,,
,,,
,,,
,,,
,,,
,,,
,,,
,,,
,,,
,,,
,,,
,,,
,,,
,,,
,,,
,,,
,,,
,,,
,,,
,,,
,,,
,,,
,,,
,,,
,,,
,,,
,,,
,,,
,,,
,,,
,,,
,,,
,,,
,,,
,,,
,,,
,,,
,,,
,,,
,,,
,,,
,,,
,,,
,,,
,,,
,,,
,,,
,,,
,,,
,,,
,,,
,,,
,,,
,,,
,,,
,,,
,,,
,,,
,,,
,,,
,,,
,,,
,,,
,,,
,,,
,,,
,,,
,,,
,,,
,,,
,,,
,,,
,,,
,,,
,,,
,,,
,,,
,,,
,,,
,,,
,,,
,,,
,,,
,,,
,,,
,,,
,,,
,,,
,,,
,,,
,,,
,,,
,,,
,,,
,,,
,,,
,,,
,,,
,,,
,,,
,,,
,,,
,,,
,,,
,,,
,,,
,,,
,,,
,,,
,,,
,,,
,,,
,,,
,,,
,,,
,,,
,,,
,,,
,,,
,,,
,,,
,,,
,,,
,,,
,,,
,,,
,,,
,,,
,,,
,,,
,,,
,,,
,,,
,,,
,,,
,,,
,,,
,,,
,,,
,,,
,,,
,,,
,,,
,,,
,,,
,,,
,,,
,,,
,,,
,,,
,,,
,,,
,,,
,,,
,,,
,,,
,,,
,,,
,,,
,,,
,,,
,,,
,,,
,,,
,,,
,,,
,,,
,,,
,,,
,,,
,,,
,,,
,,,
,,,
,,,
,,,
,,,
,,,
,,,
,,,
,,,
,,,
,,,
,,,
,,,
,,,
,,,
,,,
,,,
,,,
,,,
,,,
,,,
,,,
,,,
,,,
,,,
,,,
,,,
,,,
,,,
,,,
,,,
,,,
,,,
,,,
,,,
,,,
,,,
,,,
,,,
,,,
,,,
,,,
,,,
,,,
,,,
