text,Dialect,sentiment,confidence
بدي اروح عالبيت هلأ,ammani,neutral,high
"باجي بعد شوي، ما تستناني كتير",ammani,neutral,high
"بدي اروح عالمول اليوم الصبح قبل ما يصير ازمة،  أشتري خضار وفواكه للبيت، وبعدها باجي عندكم نقعد شوي عالبيت نسهر ونشرب شاي ",ammani,neutral,high
"بدي راتب يكفيني لنص الشهر على الأقل، مش كل شهر نفس الفيلم",ammani,neutral,high
"باجي عالسوق أشتري شغلتين، وبرجع محمّل بكيسين بدون ما أحس",ammani,neutral,high
 يا زلمة والله أزمة صويلح بتخلي الواحد يراجع كل قرارات حياته الغلط وهو صافن,ammani,negative,high
الباص السريع فكرة ممتازة بس لو يركبوا  فيه مكيفات بتصير الأمور لوز اللوز يا غالي,ammani,neutral,high
"بتكون طالع من البيت قبل بساعة وبتحكي هانت، فجأة بتطلعلك أزمة من تحت الأرض",ammani,negative,high
يخوان الدوار السابع صار بدو خريطة جديدة من كثر التحويلات اللي بتطلع بوجهك كل يوم,ammani,negative,high
الواحد بطلع من الدوام راسو قد الطبل من ورا زوامير السيارات اللي ما بتخلص أبداً,ammani,negative,high
"سواقين التكاسي بعمان قصة تانية، بفتح معك مواضيع سياسية واقتصادية وأنت بس بدك توصل",ammani,negative,high
سندويشة فلافل سخنة مع كاسة شاي بالمرمية عالبلكونة بتسوى عندي كل مطاعم الدنيا,ammani,positive,high
"يا جماعة الخير المنسف ما بتاكل بالشوكة والسكينة، المنسف بدو هجوم بالإيد عشان تستمتع",ammani,neutral,high
"بتروح عالجيم ساعة وبس تخلص بتروح توكل شاورما من ضيافة، وين المنطق بالموضوع يا شريك؟",ammani,negative,high
"لما أمي تعمل مقلوبة يوم الجمعة، بكون هذا أحلى خبر بسمعه بكل الأسبوع بدون مبالغة",ammani,positive,high
شو في أحلى من صحن حمص وفول مسبحة من عند هاشم والجو بكون لسا بدو يصحصح,ammani,positive,high
"جو عمان متقلب أكثر من مزاجي، الصبح بكون شتا والظهر صيف وبالليل بترجع تشتي",ammani,negative,high
"عمان بالليل غير، الأضواء والقعدة بالمطلات بتخلي الواحد ينسى كل هموم الشغل والتعب تبعه",ammani,positive,high
"يا ويلي على ريحة الشتا بعمان، بتحس الشوارع  بتتنفس وبترجعلك ذكريات الطفولة والمدرسة زمان    ",ammani,positive,high
الواحد بس بدو يغير جو بروح على شارع الرينبو بتمشى وبشرب كاسة شاي وبستمتع بالمنظر,ammani,positive,high
"الناس بعمان طيبين وبحبوا المساعدة، لو سيارتك تعطلت بتلاقي مية واحد فزعلك وبدو يساعدك",ammani,positive,high
يوم الخميس بعمان هو اليوم العالمي للعجقة والطلعات,ammani,neutral,high
بتحس حالك غريب لو مشيت بشارع وما سمعت حدا بنادي على حدا وبقله يا كبير,ammani,neutral,high
يا زلمة فكك من القصص هاي وخلينا نركز بمستقبلنا بدل ما نضلنا نتحسر عالماضي,ammani,positive,high
"والله إنك نغش زيادة عن اللزوم، بس يلا بنمشيلك اياها عشان الخبز والملح اللي بينا",ammani,neutral,high
فلان مفكر حاله قطاعة وهو مش عارف وين الله حاطه بكل السولافة هاي يا صاحبي,ammani,negative ,high
"اجا يكحلها عماها، مفكر حاله بحل المشكلة وهو زاد الطين بلة وعقد الأمور زيادة كمان",ammani,negative ,high
"القصة مش قصة مصاري، القصة قصة برستيج وناس بدها تبين حالها وهي على حديدة",ammani,negative ,high
"يا كبير والله إنك كفو وما قصرت معنا، دايماً بتبيض الوجه بكل المواقف الصعبة",ammani,positive,high
شو مالك شابك معي خط اليوم؟ صلي على النبي وروق وخلينا نتفاهم بالهداوة يا غالي,ammani,negative ,medium
"لا تضل تنق فوق راسي، اللي صار صار وبدنا نشوف كيف بدنا نصلح الوضع هسا",ammani,neutral,high
"أيام الجامعة بالاردنية كانت أحلى أيام، بين المحاضرات والقعدة على الدرج وضحك الشباب دايماً",ammani,positive ,high
"المدير بالشغل مفكرنا روبوتات، بدو الشغل يخلص مبارح وهو لسا معطينا اياه اليوم الصبح بدري",ammani,negative ,high
فترة الامتحانات بالجامعة عبارة عن توتر وشرب قهوة زيادة وسهر للصبح عشان نلحق نخلص المادة,ammani,negative ,high
"أحلى شعور لما ينزل الراتب وتشوف المسج على التلفون، بتحس حالك صرت غني لمدة ساعتين بس",ammani,positive ,high
"سوق العمل بدو واحد شاطر وبفهم بالسوق، مش بس شهادات كرتون معلقة على الحيطان بالبيت",ammani,neutral,high
"الواحد بكون متحمس للدوام يوم الأحد، وبس يوصل المكتب بصير يتمنى يجي يوم الخميس بسرعة",ammani,neutral,high
"الدراسة بطلت زي زمان، هسا كل إشي صار أونلاين والواحد بطل يركز زي لما كان بالقاعة",ammani,negative ,medium
"يا رب توفيقك بكل خطوة، الواحد بشتغل وبيتعب عشان يأمن مستقبله ويقدر يعيش حياة كريمة",ammani,neutral,high
يا زلمة والله أزمة شارع المدينة المنورة اليوم بتخلي الواحد يندم إنه فكر يطلع من باب بيته أصلاً,ammani,negative ,high
"نزلت على وسط البلد واشتريت صحن قدسية من عند أبو جبارة، الطعم لسه زي ما هو من أيام الطفولة",ammani,positive,high
"رحت أجرب المطعم الجديد اللي طالع تريند على التيك توك، الصراحة الأكل عادي بس الديكور هو اللي ضارب",ammani,negative ,high
"الجو اليوم بعمان مش طبيعي، مرة شوب ومرة برد، الواحد مش عارف يلبس صيفي ولا يخلي الشتوي بالخزانة",ammani,neutral,high
"مشان الله يا جماعة حدا يحكي لتبعون التكاسي إنه اللوكيشن اختراع عظيم، مش لازم أشرحلك قصة حياتي لتوصلني",ammani,negative ,high
"في ناس بضلوا ينزلوا صور قهوة وفيروز الصبح، يا عمي إحنا يادوب نصحصح ونفتح عيونا لنلحق الباص السريع",ammani,neutral,high
"الباص السريع صار هو المنقذ الوحيد لإلنا من أزمة السير الخانقة، بس المشكلة إنه دائماً فل ومسكر عالاخر",ammani,neutral,high
"كل ما أقرر أعمل دايت، بتطلعلي إعلانات الشاورما والبرغر اللي بتخلي الواحد يضعف قدام الصوصات والجبنة السايحة",ammani,neutral,high
"يا جماعة الخير، اللي عنده واسطة بشركة الكهرباء يزبطنا لأنه الفاتورة هالمرة جاية بتجلط ",ammani,negative ,high
أمي بتضل تحكيلي قوم ادرس الله يرضى عليك وأنا بكون ماسك الموبايل وعامل حالي مش سامعها ,ammani,neutral,high
"لما تروح تزور قرايبك ويقعدوا يسألوك متى بدنا نفرح فيك؟، بكون بدك تنشق الأرض وتبلعك من كتر الإحراج",ammani,negative ,high
"قعدة البلكونة بالمغربيات مع كاسة شاي بالمرمية بتسوى الدنيا وما فيها، خصوصاً لما يكون الهوا بارد",ammani,positive,high
"رحت أشتري غراض للعيد ولقيت الأسعار نار، صاير الواحد بده ميزانية دولة عشان يكسي ولاده لبسة وحدة بس",ammani,negative ,high
"لما أبوي يبلش يحكي عن ""أيام زمان"" وكيف كانت الدنيا رخيصة والناس لبعضها، بنحس قديش الحياة تغيرت وصارت صعبة",ammani,negative ,high
اليوم ركبت مع شوفير تكسي حكالي قصة حياته من لما انولد لحد ما صار يشتغل على السيارة,ammani,neutral,high
"دخلت على محل اواعي وحكيت للموظف بدي بس أتفرج، ضله ماشي وراي  كأني ناوي أسرق المحل",ammani,negative ,high
"قلاية البندورة بالثوم والفلفل الحار هي العشق الأبدي، خصوصاً إذا كانت معمولة على نار هادية وبزيت زيتون أصلي",ammani,positive,high
"الكنافة من عند حبيبة بوسط البلد إلها طقوس خاصة، لازم توقف بالدور وتوكلها وأنت واقف عالرصيف لتستمتع",ammani,positive,high
"اليوم عملنا مقلوبة، وطلعت القلبة تبعتها احترافية لدرجة إني صورتها ونزلتها ستوري على طول من الفرحة",ammani,positive,high
"ما في أزكى من خبز الطابون وهو طالع من الفرن سخن، مع شوية لبنة وزيت وزعتر بلدي بكون الطعم خيالي",ammani,positive,high
"اليوم جربنا مطعم برغر جديد، اللحمة كانت جوسي والبطاطا مقرمشة، بس السعر كان شوي أوفر",ammani,neutral,high
درست أربع سنين بالجامعة وبالآخر بشتغل بمجال بعيد كل البعد عن تخصصي,ammani,neutral,high
"اشتريت سيارة هايبرد عشان أوفر بنزين، لقيت حالي عم بصرف اللي وفرته على قطع الغيار اللي أسعارها نار",ammani,negative ,high
"لما أشوف شباب عم بوزعوا تمر ومي وقت الأذان بالشوارع، بحس بفخر كبير ببلدي وبأخلاق شعبنا العظيمة والمميزة",ammani,positive,high
بتذكر لما كنا نلعب فطبل بالحارة ونكسر شباك الجيران,ammani,neutral,high
"أيام زمان كانت الناس تنام وأبواب بيوتها مفتوحة، هسا صرنا نحط مية قفل وكميرات مراقبة",ammani,negative ,high
الجيل الجديد ما بعرف شو يعني أتاري,ammani,neutral,high
"مشكلة الجروبات تبعت العيلة إنها دايماً مليانة رسايل صباح الخير"" وصور ورود",ammani,neutral,high
"التيك توك خلى كل الناس مفكرة حالها مشهورة، بتلاقي الواحد بصور فيديو وهو عم بوكل وبستنى الملايين تتابعه",ammani,neutral,medium
"رحت على سيتي مول يوم الجمعة، والزحمة كانت لدرجة إني قعدت ساعة بس أدور على مكان أصف فيه سيارتي",ammani,negative ,high
"قعدة جبل القلعة بوقت الغروب بتعطيك منظر لعمان ما بتشوفه بأي مكان تاني بالعالم، فعلاً لوحة فنية ربانية",ammani,positive,high
"رحت على إربد يوم العطلة وأكلت مكمورة، والله الأكل الشمالي إله نكهة خاصة بتخليك توكل أصابعك وراه من الزكاوة",ammani,positive,medium
يا أخي النفسية محتاجة طشة على العقبة نغير فيها جو ونشم ريحة البحر وننسى كل هموم الشغل والدراسة,ammani,positive,high
"جاري بضل يشغل أغاني عالية بنص الليل، شكلي رح أروح عليه وأحكيله يا حبيبي ارحمنا شوي بدنا ننام",ammani,negative ,high
"يا رب يرزقنا بشنطة فيها مليون دولار، ونروح نشتري فيلا بعبدون ونخلص من إيجار البيوت اللي كسر ظهرنا",ammani,positive,medium
أمانة عمان لو بس يزفتوا هالحفرة اللي بطلعة جبل الحسين بكونوا عملوا  أكبر معروف هالسنة,ammani,negative ,medium
ياخي والله أزمة الشوارع بتخلي الواحد يندم إنه طلع من بيته أصلاً,ammani,negative ,high
"ياخي ارحمنا من هالهبد على تويتر، كل واحد صار عامل حاله خبير اقتصادي ومحلل سياسي هسا",ammani,negative ,high
أديش بدك وقت لتخلص المشروع؟ ياخي الديدلاين قرب وإحنا لسه ما سلمنا الداتا,ammani,negative ,high
"بأدرش أطلع معك هلأ، عندي ميتينغ مع التيم ولسا  ما خلصت شغلي",ammani,neutral,high
أديش سعر هاد الموبايل؟ ياخي الأسعار بالسوق صارت بتجلط والواحد بطل يلحق,ammani,negative ,high
هسا أنا بأول إنه الواحد لازم ياخد استراحة ويروح يشم هوا بشارع الستين بالسلط,ammani,positive,high
هلأ صار في كافيهات بكل زاوية بعمان,ammani,neutral,high
أوم خلينا نصلي ونطلب من ربنا التوفيق,ammani,neutral,high
"هسا تأكدت إنه أحلى شي بعمان هو صوت بياع الكعك الصبح، بذكرني بأيام زمان والبركة",ammani,positive,medium
هلأ إذا نزلت على شارع الرينبو بكون أزمة؟ ياخي حابب أتمشى هناك وأشوف الناس والجو,ammani,neutral,high
أديش بدك وقت لتخلص كتابة الـدوكيومينتيشن؟ ياخي صارلنا قرن شغالين عليه وما خلص,ammani,negative ,high
هسا بالله عليك هاد تصميم الواجهة؟ ياخي الألوان بتوجع العين,ammani,negative ,medium
سقى الله لما كنا نأعد ع الدرج بوسط البلد ونحكي لساعات طويلة بدون ما نزهق,ammani,positive,high
"أهري على اللابتوب اللي خرب فجأة، هسا كيف بدي أكمل كتابة الكود وأسلم المشروع؟",ammani,negative ,high
"ياخي ليش دايماً بس أقرر أعمل دايت، أمي بتطبخ منسف أو مقلوبة بتشهي وبتخربلي كل شي؟",ammani,negative ,medium
"بأدرش أنسى فضل الدكتور اللي علمني كيف أكتب أول كود بايثون بحياتي، الله يجزيه الخير",ammani,positive,high
هلأ الدنيا برد والواحد ماله غير صحن شوربة عدس ويدفى تحت الحرام ويحضر فيلم حلو,ammani,positive,high
"ياخي والله الأردنية إلها هيبة ومكانة بقلوبنا كلنا، ورح تضل هي أم الجامعات دايماً",ammani,positive,medium
هسا بالله عليك هاد ألب ولا حجر؟ كيف بتقدر تترك البسة بالبرد برا؟,ammani,negative ,high
هسا تأكدت إنه أحلى شي بالدنيا هو راحة البال,ammani,positive,medium
"هسا رنيت ع المطعم وحكالي أربت الوجبة تجهز، ياخي متت من الجوع والله",ammani,neutral,high
"بأولوا إنه في مطعم بيعمل فلافل محشي بيجنن بآخر الشارع، خلينا نروح نجربه هسا",ammani,positive,high
ياخي صارلنا ساعة بنخطط وبالآخر بتحكيلي مش جاي معنا ع الرحلة؟,ammani,negative ,medium
أديش بدك وقت لتجهز حالك؟ ياخي الباص رح يروح علينا وإحنا لسه بنستنى فيك تلبس,ammani,negative ,high
"ياخي ارحمنا من هالبوستات اللي ما الها داعي، كل واحد صار بدو يتفلسف علينا من ورا الشاشة",ammani,negative ,medium
يا زلمة والله حكيتلهم مية مرة إنه المشروع بدو وقت,ammani,negative ,high
"دير بالك وأنت طالع، الأزمة برا بتجلط وبعدين بديش تتأخر على موعدك.",ammani,negative ,high
"يا زم ما بعرف وين زتها للمفاتيح، كانت هون قبل شوي جوا البيت",ammani,negative ,high
دنام هسا لأنه راسي رح ينفجر,ammani,negative ,high
بعدين بنحكي بطلباتكم اللي ما بتخلص,ammani,negative ,high
يا زلمة زتها ورا ظهرك ولا تضل تفكر بكلماتهم,ammani,neutral,high
دير بالك على حالك وأنت بتسوق,ammani,neutral,high
"يا زم بديش أسمع ولا كلمة عنهم، همّ الخسرانين بأسلوبهم هاد",ammani,negative ,high
"يا زم ما بعرف شو مالهم اليوم، الكل قالب بوزو",ammani,negative ,high
"زتها بالخزانة وخلصنا، بديش أشوف كراكيب جوا البيت بالمرة",ammani,negative ,high
"يا زلمة هيك الحياة بدها طولة بال، وبعدين ربنا بفرجها عليكم وعلينا",ammani,positive,high
"دير بالك من كلامهم، ترى أغلبه حكي فاضي وبديش إياك تتأثر هيك",ammani,neutral,high
" دنام ومحدش يصحيني، ما بعرف كيف رح أخلص شغلكم بكرة",ammani,negative ,high
"يا زلمة بديش مشاكل جوا البيت، حلو أموركم بهدوء وبدون صراخ",ammani,negative ,high
"ما بعرف ليش الكل عامل هيك دراما، القصة بسيطة وما بدها كل هاد",ammani,neutral,high
" زت هالشنتة جوا البيت وتعال نؤعد شوي، اشتأنالكم والله",ammani,positive,high
"ما بعرف وين صاروا هسا، دير بالك يكونوا تاهوا بالطريق",ammani,neutral,medium
"يا زم بديش أروح معهم، أسلوبهم بالحكي بنرفزني وبطلعني عن طوري",ammani,negative ,medium
بديش أعيد نفس الحكي مية مرة,ammani,neutral,medium
"بديش نطلع هسا، الجو شوب كتير برا والناس فوء بعضهم",ammani,negative ,high
"بديش إياكم تزعلوا مني، بس والله كنت مضغوط وما عرفت شو أحكي",ammani,positive,medium
"بدي أنام هلأ، تعبانة كتير من طريق السفر",ammani,negative ,high
أديش بدك وقت لتجهز؟ هلأ بنتأخر والناس بتستنى,ammani,neutral,high
هلأ صار لازم نأعد ونحكي بالموضوع,ammani,neutral,high
ياخي والله ألبك طيب,ammani,positive,high
إذا رحت ع السوق بلاقي أشياء رخيصة؟ ياخي الأسعار صارت نار,ammani,neutral,medium
"والله اشتأتلك، هلأ كنت عم بفكر أرن عليك ونطلع",ammani,positive,high
"هلأ الدنيا مطر والجو بياخد العقل، ياخي عمان غير بالشتا",ammani,positive,high
"بأدرش أصدق إنه هيك صار، هلأ كنا عم نضحك سوا",ammani,negative ,high
أوم  خلينا نلحأ المحل قبل ما يسكر,ammani,neutral,high
ياخي ارحمنا من أصصك  اللي ما بتخلص,ammani,negative ,high
"والله أهرتني بتصرفك هاد، هلأ كيف بدي أثق فيك؟",ammani,negative ,high
"بؤلوا  إنه الجو بكرة بجنن، خلينا نطلع رحلة",ammani,positive,high
يا زلمة صارلي ساعة بستنى فيكم,ammani,negative ,high
"هلأ بس خلصت شغل، بحس حالي بأدر  أنام سنة كاملة من التعب",ammani,positive,high
"ما بعرف وين زتها للورقة، كانت معي لما كنا بنحكي جوا البيت",ammani,negative ,high
"هلأ بس أدرت أفهم ليش همّ زعلانين، الصراحة معــهم حق",ammani,neutral,high
"هلأ إذا ألتلــهم عن الخبر، رح يكيفوا",ammani,positive,high
"يا زلمة ما بعرف كيف بتتحملــهم، أسلوبهم بالحكي مستفز كتير",ammani,negative ,high
"دير بالك لا تـوأع من إيدك، يا زم هاي القطعة كتير غالية",ammani,neutral,high
"ما بعرف ليش همّ متمسكين برأيـهم، يا زلمة الحق مبين وواضح",ammani,negative ,medium
"حطها بالتلاجة وبعدين بنوكلها، بديش إياها تخرب بهاد الشوب",ammani,neutral,high
"هلأ بس خلصت دراسة، بحس حالي بأدر أعمل أي شي صراحة",ammani,positive,high
يا زم بديش أروح معكم,ammani,negative ,medium
"بديش أشوفك زعلان هيك،تعال نوكل شاورما ونغير جو",ammani,positive,medium
ما بعرف وين زت المفتاح,ammani,negative ,medium
"ما بعرف ليش همّ مصرين يضلوا جوا البيت، الجو برا بجنن",ammani,neutral,medium
دير بالك على دراستــك لأنها بتنفعك,ammani,neutral,medium
"هلأ بس خلصت تنضيف، بحس براحة نفسية مش طبيعية",ammani,positive,high
"يا زلمة دير بالك على أهلك، همّ اللي بضلولك بالأخر وبديش تضيعهم",ammani,positive,high
" بديش فلسفة، حلوا مشاكلكم بعيد عني وعن وجع راسي",ammani,negative ,medium
"دير بالك ترى الحيط لساتو دهان جديد، بديش حدا يلمسه جوا البيت",ammani,neutral,medium
"هلأ إذا ألتلــهم إنك مسافر، رح ينصدموا كتير بقرارك",ammani,neutral,high
"هلأ بس أدرت أفهم ليش همّ بيحكوا عنكم، الصراحة محدا طايئــكم",ammani,negative ,high
دير بالك لا تـوأع الكاسة,ammani,neutral,high
هلأ صار لازم نؤوم ونروح,ammani,neutral,high
"يا زلمة هيك الحياة تجارب، دير بالك من الناس اللي ما بتعرفــهم",ammani,neutral,medium
"شو مالكم اليوم، كأنكم مش طايئين حالكم",ammani,negative ,high
"دير بالك لا تخليهم يضحكوا عليكم، خلوكم أذكى منهم بكثير",ammani,positive,high
"يا زم زتها وريح راسك، بعدين رح تكتشف إنه هاد كان أحسن قرار",ammani,positive,medium
"يا زم هيك الناس للناس، وبعدين ربنا بوفقنا كلنا للي فيه الخير",ammani,positive,medium
لز شوي خليني أقعد معكم,ammani,neutral,medium
"دير بالك منه، هاد زلمة بضل يخرط عليكم وبعدين بتورطوا بمشاكله",ammani,negative ,medium
"يا زلمة لز غراضك شوي، دنام هون وما في وسع",ammani,negative ,high
"لز شوي يا زم، بديش أضل واقف وبعدين رجليّ بصيروا يوجعوني",ammani,negative ,high
"فكك من خرط السوشيال ميديا، أغلبه حكي فاضي",ammani,negative ,medium
هلأ صار بدكم تقنعوه؟ هاد زلمة تنح وما بعرف كيف بتتحملوه,ammani,negative ,high
"ما بعرف ليش هيك هو تنح بزيادة، جوا البيت الكل تعب من أسلوبه",ammani,negative ,high
"دنام هسا وبديش أحكي مع حدا تنح زيك، جلطتني رسمياً",ammani,negative ,high
"لا تضل تنح هيك، خلّينا نخلص هالشغل وبعدين ارتاح",ammani,neutral,high
"لازم نئوم ونتركهم، الناس الـتنحة بتعبوا الألب",ammani,negative ,high
"والله العزومة كانت اشي اشي، كرمــكم دايماً ببيّض الوجـه وما بعرف كيف أشكركم",ammani,positive,high
روح زت هالـشاكوش من إيدك,ammani,negative ,high
دير بالك ترى هو كتير زنخ,ammani,negative ,medium
زتها للملفات عالمكتب وخلّينا نبلش تعزيل بالأوراق القديمة,ammani,neutral,high
"بطل تمشي مع ناس سبهللة، خليك مع اللي برفعوا راســكم بــأخلاأهم",ammani,positive,high
هلأ الدنيا صارت بتجنن بعد الــتعزيل,ammani,positive,high
تعال نــأعد نشرب قهوة عالبلكونة,ammani,neutral,high
"دير بالك ترى الإدارة مش سبهللة، لازم نركز بشغلنا عشان نطلع نتيحة اشي اشي",ammani,positive,high
"بس خلصنا تعزيل الغرف، البيت صار يلمع لمع وطلع اشي اشي",ammani,positive,medium
كيف حالكم؟ نورت عمان بوجودــكم,ammani,positive,medium
"على راسي يا خوي، كل اللي طلبتوه رح يصير ومن عيوني الثنتين هسا",ammani,positive,high
"يا زم روح غاد أنت والـخرط تبعك، بديش أسمع ولااشي منك",ammani,negative ,high
أنا امسطل ع الأخر وبأدرش  أركز بشغلــكم هيك,ammani,negative ,high
"ما بعرف وين زتها للـجرابين، شوفة عينك كل الغرفة مكركبة بدها تعزيل",ammani,negative ,high
"هلأ صار بدكم مساعدة؟ على راسي من فوء، ابشروا باللي بدكم إياه",ammani,positive,high
"اترك هالــزناخة وروح غاد، يا زلمة جلطتني بــتناحتــك هاي",ammani,negative ,high
"ما بعرف ليش هو امسطل دايماً، شكلــه بسهر كتير بالليل",ammani,neutral,high
"يا زلمة جرابينــك دايماً ضايعين، حط غراضك بالخزانة وخلصنا من هالــسبهللة",ammani,negative,high
من عيوني بــأدر أخلص الداتا هسا,ammani,positive,high
دير بالك ترى هو امسطل وبؤول حكي خرط بـخرط,ammani,negative,high
"ما بعرف ليش هيك همّ، بتحكيلــهم روح غاد وبيرجعوا يــلزوا فيكم",ammani,negative,high
"لا تضل امسطل، أوم غسل وجهك عشان تركز بشغلك",ammani,neutral,high
"هلأ صار الشغل اشي اشي، على راسي والله يا مهندسين أبدعتوا بجهودكم",ammani,positive,medium
أنا حكيتلــهم قبل شوي إنه الـصحن لساته سخن,ammani,neutral,high
أنا بــأدر  أجيب لــكم أحلى صحن حلو هسا,ammani,positive,high
دير بالك وأنت بتركب الصورة ع الـحيط,ammani,neutral,high
بلكي منــعزل الساحة وبعدين بنعمل سهرة مرتبة,ammani,positive,high
"اطلع ع الخضار بـعـجـلـون، اشي اشي وبـيـاخذ العقل وبيرد الروح",ammani,positive,high
أنا بــأدر أحكيلــكم إنه فوزكم اليوم رفع راسنا كلنا,ammani,positive,high
بلكي إذا جربتوا الـمـكـمـورة بـإربـد رح تــؤولوا  إنها أزكى صحن دؤتوه,ammani,positive,high
"يا زم زتها لهالهموم واطلع ع المستقبل، بلكي ربنا بفتح لــكم أبواب الرزق",ammani,positive,high
"بلكي بنــعزل الحديقة سوا، وبعدين بنــأعد نشرب أهوة سادة بـرواء",ammani,positive,high
قبل شوي شميت ريحة خبز طابون سخن,ammani,neutral,high
قبل شوي كنت بــؤول الــهم إنه الـكرم بـالأردن ما إله حدود,ammani,neutral,high
"أنا مجهز لــكم صحن مقلوبة دجاج، ابشروا بـأكلة بتــبـيـض الوجـه",ammani,positive,high
"هلأ بس شفت النتائج، تأكدت إنه تعبنا بالمشروع ما راح ع الفاضي أبداً",ammani,positive,high
"يا زلمة لز لغاد شوي، الطاولة مكركبة غراض وما في وسع أحط اللابتوب",ammani,negative,high
قبل شوي رن عليّ المدير وحكالي إنه الشغل تبعنا طالع اشي اشي ومرتب,ammani,positive,high
"بديش فلسفة زايدة، أعطيني الصافي وخلصني عشان نلحق نسلم المهمة",ammani,negative,high
"والله إنك نشمي، دايماً بتبين وقت الضيق وبترفع الراس بمواقفك",ammani,positive,high
"هلأ الدنيا صارت ربيع، الجو بياخد العقل وطلعات المغربيات بتفتح النفس",ammani,positive,high
"دير بالك لا توقع بالخطأ اللي وقع فيه غيرك، خليك واعي ومنتبه",ammani,neutral,high
"لساتني امسطل ع الآخر، القهوة لسه ما عملت مفعولها براسي",ammani,negative,high
المنسف اللي أكلوه الشباب اليوم كان اشي فاخر ع الآخر,ammani,positive,high
بلكي بنخلص بكير وبنطلع نغير جو بعبدون,ammani,neutral,high
"ما بعرف وين ضاعت المفاتيح، لساتني كنت ماسكهم بإيدي قبل شوي",ammani,negative,high
"اطلع كيف الجو صار، بكرة أكيد رح تثلج ولازم نأمن أغراضنا",ammani,neutral,high
ليش حياتك ماشية سبهللة؟ لازم تحط خطة لمستقبلك,ammani,negative,high
"تعزيل البيت اليوم جلطنا، طلع في غبار تحت الكنبايات من سنة",ammani,negative,high
"بديش وجع راس، خليني أخلص هالمهمة وأروح أنام لأني تعبان كتير",ammani,negative,high
"أيام سهرات الصيف بالحارة، كنا نضحك من كل قلبنا",ammani,positive,high
"اترك الـشاكوش من إيدك، هسا بتخرب الجهاز وبنتبهدل",ammani,negative,high
"بلكي إذا رحنا ع العقبة بننبسط، الجو هناك دافي وبيرد الروح",ammani,positive,high
السهرة ع السطح مع كاسة شاي بالمرمية هي الـتوب,ammani,positive,high
"بديش فلسفة، روح غاد عني وخليني أركز بشغلي الله يرضى عليك",ammani,negative,high
بلكي بكرة بـتـشـمـس وبنطلع رحلة,ammani,positive,high
"يسلموا إيديك على هالجمعة الحلوة، جد انبسطنا كتير",ammani,positive,high
طالعين مشوار على جبل اللويبدة ناكل كنافة ونقعد بحديقة المتحف,ammani,neutral,medium
كنافة حبيبة بوسط البلد هي السعادة الحقيقية,ammani,positive,high
اليوم الجمعة ولمّة العيلة أحلى إشي,ammani,positive,high
بصراحة الخدمة بالمطعم اليوم كانت تحت الصفر,ammani,negative,high
"يا أخي فك عنا هسا، مش وقته بالمرة تفتح مواضيع بتوجع الراس وتزيد النكد علينا",ammani,negative,high
الشوارع هون كلها حفر وبتكسر السيارات تكسير,ammani,negative,high
سمعت إنه في منخفض جوي قوي جاي علينا الأسبوع الجاي,ammani,neutral,high
خليني أشوف جدولي بالجامعة وبحكي معك المسا عشان ننسق موعد لندرس المادة سوا,ammani,neutral,high
"بالنسبة لموضوع السيارة، أنا بفضل إنك تاخدها على ميكانيكي شاطر بالبيادر",ammani,neutral,high
السوق اليوم بوسط البلد كان هادي كتير والناس قليل,ammani,neutral,high
أنا رح أحكي مع المدير بكرة وأسأله عن موضوع الإجازة,ammani,neutral,high
"يا الله ما أحلى قعدة جبل القلعة وقت الغروب، بتحس حالك شايف عمان كلها تحتيك والهوى بيلفح وجهك وبينسيك تعب النهار كله",ammani,positive,high
كل الشكر لكل واحد وقف جنبي بمحنتي وساعدني لو بكلمة,ammani,positive,high
"النت عندي صاير يقطع بشكل مستفز، والشركة كل ما أحكي معهم بيحكولي المشكلة من عندك",ammani,negative,high
"احسب حسابك بكرة تلبس ثقيل لأنه حكوا بالأخبار إنه في كتلة هوائية باردة جاي، والحرارة رح تنزل كثير بالليل خصوصاً بالمناطق العالية",ammani,neutral,high
بدي أشوف قديش صار رصيدي بالبنك عشان أعرف إذا بقدر أشتري الغرض اللي حكينا عنه,ammani,neutral,high
خليني أتأكد من موعد الطيارة بالضبط عشان أطلع من البيت قبل بوقت,ammani,neutral,high
المطعم اللي حكيتلي عنه طلع مسكر للصيانة ورح يفتح الأسبوع الجاي,ammani,neutral,high
بكرة في اجتماع مهم بالشركة ولازم الكل يكون موجود على الساعة ثمانية الصبح,ammani,neutral,high
صارلي ساعة واقف على دور البنك والسيستم معلق,ammani,negative,high
"بدي أمر على المكتبة اللي قبال البوابة الشمالية للجامعة، بدي أشوف إذا وصل الكتاب الجديد اللي وصيت عليه قبل أسبوع عشان أبلش أقرأ فيه",ammani,neutral,high
احسب حسابك بكرة نروح نسجل المواد بدري عشان ما تروح علينا الشعب الكويسة,ammani,neutral,high
امتحانين بكرا قد راسي حتى الملحد يدعيلي,Ammani,Negative,High
اسبوع دوام مالوش داعي لو بلشو مع رمضان احسن,Ammani,Negative,High
طب مطعم الشاورما اللي بالحارة شو حيصير فيه ,Ammani,Negative,High
"عاد مبارح كانت ايش يا سوري مسبّة اليوم كلنا سوارنة
سبحان مغير الاحوال فعلا عقبالك البلجيك",Ammani,Neutral,High
البرد اسوأ شعور بالدنيا كيف الواحد بدفي ايديه واجريه جد,Ammani,Negative,Medium
اخوي بشغل بودكاست وبغى مشان الله شو بقومني اطفيه هلا,Ammani,Negative,High
هاد الناقص يجيبي ابو شخة يعبرلي عن رأيه طب زرقه بعمري والهبلنك بشغلة مفيدة افضللك,Ammani,Negative,High
اتمنى ما نصدق اشي لحتى المقاومة تعلن بيان رسمي,Ammani,Neutral,Medium
في شب بالمحاضرة اسمه عزالدين الدروبي مش عارف لو سمعت غلط بس كل الاحترام للدروبي,Ammani,Positive,High
مبارح كان عايش ومحدش داري عنه اليوم تذكرتو انكم بتحبوه انداري الناس,Ammani,Negative,High
عنجد اكثر صحبة بكرهها هي الصحبة الثلاثية وعشاني ما بحبها دايماً الله بترزقني اياها وين ما اروح ووين ما اجي,Ammani,Negative,High
فش كزبرة عند الخضرجى اجيب بقدونس بدلها ولا بزبطش,Ammani,Neutral,High
بتخوت كنت بس يعني انتي اديب لانك شكيتِ بحساباتك انا,Ammani,Neutral,High
البنت الي بتحط جمب اسمها حية شو بكون نيتها لها,Ammani,Neutral,High
"احسنلك لو تحاولي تشوفيه اول ما يخلص محاضراته بالكلية 
لانه دايما اجتماعات وهيك ما بقعد بمكتبه يدوب",Ammani,Neutral,High
انا مروح من الشغل وقفت ع إشارة 36 بالزرقا ووقفت جنبي سيارة فيها 3 بنات ومن شكلهم مايعات ومسلمات أمرهم لربنا وبسمعوا مهرجانات اللي ورا بتحكيلي البس نظاره حرام عيونك الحلوين توجعهم الشمس يسعدهم بس إيش في؟ لا جد جد بالله إيش في؟,Ammani,Neutral,High
يفدح عردك عنجد بفدح عردك مو وقتنا خلينا نركز بالتمرين بس خلص تمرين بردلك يفدح عردك عنجد,Ammani,Negative,High
الكل سامع الا انا؟ فيش صوت بخوان بتتوهمو,Ammani,Neutral,High
يفدح عردك الي ساعه بكذب عليك وبجبر بخاطرك اخر شي بتزت حكي بمعنى اني ميت عليك ولك شفقان عليك يا غبي,Ammani,Negative,High
بتعرف احنا مين؟ احنا فازات الشامي ولااااك زوط,Ammani,Neutral,High
ترا الرجال ما بفهمو بالتلميحات إذا بدكو منا اشي اطلبوه مباشرة,Ammani,Neutral,High
والله اني منيح بس مش من بعيد,Ammani,Neutral,High
خلينا نتفق انه كل شخص يتعامل معك حسب اهميتك عنده,Ammani,Neutral,Medium
اوقات بقدس اخطائي الي خلتني واعي,Ammani,Positive,Medium
يوم السبت ممل بتحس ريحته كآبة,Ammani,Negative,Medium
مستحيل بابا يعني كل الي طلبته منك غزال كيف يعني بتحكيلي من وين اجيبلك غزال,Ammani,Negative,High
استقبل التعازي حتى هذا طلع معي بالجامعه,Ammani,Neutral,Medium
هواجيس العصر اوسخ من هواجيس الليل,Ammani,Negative,Medium
هي اختياراتي مدمرة حياتي فعلاً و لا مين بدخل كلية الهندسة بكل عقله,Ammani,Negative,High
صار نفسي اتعرف على بني ادم طبيعي,Ammani,Neutral,Medium
شرط من شروط الزواج يشتريلي حصان.......,Ammani,Neutral,Medium
مشكلتي ما بفكر قبل ما احكي,Ammani,Negative,High
والناس والناس شو بدها تحكي عنكم الناس,Ammani,Negative,High
اشي بيكره حاله و اشي بيكرههني انا بس لو سيارة لبعيد تاخذني,Ammani,Negative,High
اقتلوني بس لا تخلوني اناقش حد غبي,Ammani,Negative,High
ما حكينا اعتماد بس اه بهمني خلفيه عيلته شو,Ammani,Neutral,High
اكيد مش متوقعه اتزوج حدا بنفس مستوى اهلي بالزبط بس ع الاقل اكون ضامنه انه حدا قادر يشتغل ع حاله وقادر يوفرلي حياة شبيهة باللي كنت فيها حتى لو اخذ الموضوع كم سنه لقدام لانه مش مضطرة اظلم حالي ولا اظلم اطفالي مستقبلاً,Ammani,Neutral,Medium
لا انت مش محترم لما تتمسخر ع ديانة غيرك حتى لو انت شايفها غلط,Ammani,Neutral,Medium
لما تكوني بنت عز تروحيش تحبي واحد منتف لو سمحتي,Ammani,Neutral,High
حد يحكيلي انو جد ما اشتري او اواعي عيد عشان ما احس حالي منبوذ,Ammani,Neutral,High
اليوم قاعد وبمرق الوقت على مهلي,Ammani,Neutral,High
نفسي اشرب قهوة وما اعمل اشي بعدها,Ammani,Neutral,Medium
الجو حلو بس ما الي نفس اطلع,Ammani,Neutral,Medium
بدي اطلع بس مش عارف وين اروح,Ammani,Neutral,Medium
اليوم مزاجي رايق بس كسلان شوي,Ammani,Neutral,Medium
قاعد عالتلفون بدون اي سبب واضح,Ammani,Neutral,Medium
بدي اشي خفيف يغير مودي اليوم,Ammani,Neutral,Medium
يوم عادي جداً بدون اي احداث جديدة,Ammani,Neutral,Medium
بدي انام بس مش جاي النوم ابداً,Ammani,Neutral,Medium
صحيت تعبان مع اني نايم منيح,Ammani,Neutral,Medium
نفسي اطلع لفه سريعة وارجع عالبيت,Ammani,Neutral,Medium
قاعد بسكر وافتح نفس التطبيقات طول الوقت,Ammani,Negative,Medium
بدي اشي بسيط يزبط مزاجي اليوم,Ammani,Neutral,Medium
الجو مناسب اقعد بالبيت وما اطلع,Ammani,Neutral,Medium
بدي اضحك بس مش لاقي اشي يضحك,Ammani,Negative,Medium
يومي بلش وبدي يخلص بسرعة,Ammani,Negative,Medium
قاعد بدون هدف وبمرق وقتي هيك,Ammani,Negative,Medium
بدي اشي اشربه بس محتار شو اختار,Ammani,Neutral,Medium
مزاجي غريب اليوم مش فاهم حالي,Ammani,Negative,Medium
قاعد بحاول ما امل بس صعب,Ammani,Negative,Medium
اليوم طويل زيادة ومش راضي يخلص,Ammani,Negative,Medium
بدي اطلع بس ما عندي مكان معين,Ammani,Neutral,Medium
قاعد بعمل ولا اشي من الصبح,Ammani,Negative,Medium
بدي اغير جو بس من مكاني الحالي,Ammani,Neutral,Medium
يوم بدون احداث وكل اشي هادي,Ammani,Neutral,Medium
قاعد بتفرج عالفاضي بدون تركيز,Ammani,Negative,Medium
بدي اسمع اغاني بس مش جاي المزاج,Ammani,Negative,Medium
اليوم بيمشي ببطء بشكل غريب,Ammani,Negative,Medium
بدي احكي مع حدا بس مش عارف مين,Ammani,Negative,Medium
قاعد بلف عالتطبيقات بدون اي هدف,Ammani,Negative,Medium
بدي اشي بسيط يزبط يومي اليوم,Ammani,Neutral,Medium
اليوم كسل رسمي وما الي نفس اعمل اشي,Ammani,Negative,Medium
قاعد ومش عارف شو ممكن اعمل,Ammani,Negative,Medium
بدي اكل بس مش حاسس بالجوع,Ammani,Negative,Medium
يوم هادي زيادة عن اللزوم اليوم,Ammani,Neutral,Medium
قاعد بدون تركيز وبضيع وقتي,Ammani,Negative,Medium
بدي اغير مودي بس مش عارف كيف,Ammani,Negative,Medium
قاعد بمرق الوقت بدون اي فايدة,Ammani,Negative,Medium
يوم بدون طعم ولا في اشي مميز,Ammani,Negative,Medium
بدي اطلع بس بنفس الوقت كسلان,Ammani,Negative,Medium
قاعد بفكر شو اعمل وبعملش اشي,Ammani,Negative,Medium
اليوم مناسب اقعد واكون كسلان شوي,Ammani,Neutral,Medium
بدي اشي يحمسني اعمل اشي جديد,Ammani,Positive,Medium
قاعد بس مستني يخلص اليوم بسرعة,Ammani,Negative,Medium
مزاجي نص نص مش منيح ولا سيء,Ammani,Neutral,Medium
بدي اشي خفيف هيك بدون تعب,Ammani,Neutral,Medium
قاعد عالتلفون بدون سبب واضح,Ammani,Neutral,Medium
يوم بسيط زيادة وكل اشي هادي,Ammani,Neutral,Medium
بدي اشي يصير يغير جو اليوم,Ammani,Neutral,Medium
قاعد لحالي وبحاول امشي اليوم,Ammani,Neutral,Medium
بفتح الثلاجة وبرجع اسكرها بدون سبب,Ammani,Neutral,Medium
كل شوي بفتح نفس التطبيق بدون فايدة,Ammani,Negative,Medium
بلبس عشان اطلع وبرجع اغير رأيي,Ammani,Neutral,Medium
بدي ادرس بس فجأة بصير كل اشي اهم,Ammani,Negative,Medium
بفتح فيديو واحد وبلاقي حالي ضايع,Ammani,Negative,Medium
بقول بنام بكير وبصحى متأخر كالعادة,Ammani,Negative,Medium
بشتري اكل وبوكل اشي ثاني بالنهاية,Ammani,Neutral,Medium
بطلع مشوار بسيط وبرجع تعبان زيادة,Ammani,Negative,Medium
بدي اغير روتيني وبزهق من اول يوم,Ammani,Negative,Medium
بعمل خطة وبطنشها بنفس اللحظة,Ammani,Negative,Medium
كل ما ارتب غرفتي بضيع اشي مهم,Ammani,Negative,Medium
بفتح اغاني وبقعد اختار نص ساعة,Ammani,Negative,Medium
بدي اركز بس التلفون مش مساعد,Ammani,Negative,Medium
بقعد افكر شو اعمل وبعملش اشي,Ammani,Negative,High
بدي اطلع بس مش لاقي حدا يطلع معي,Ammani,Negative,High
بفتح اليوتيوب وبنسى ليش فتحته,Ammani,Negative,High
بدي اعمل اشي مفيد وبأجل لبعدين,Ammani,Negative,High
بضلني اقول هلأ وبأجل الموضوع,Ammani,Negative,High
بدي اوقف تسويف بس مو زابط معي,Ammani,Negative,High
بعمل قهوة وبنساها تبرد لحالها,Ammani,Neutral,High
بحكي دقيقة وبضيع نص ساعة بسهولة,Ammani,Negative,High
بفتح رسالة وبنسى ارد عليها,Ammani,Negative,High
بدي انجز اشي وبضيع بالاشياء الجانبية,Ammani,Negative,High
بعمل ليست وبطنشها بنفس اليوم,Ammani,Negative,Medium
بدي ارتب وقتي بس الوقت مش راضي,Ammani,Negative,Medium
ببلش اشي بحماس وبخلصه بدون نفس,Ammani,Negative,Medium
بدي اركز بس راسي مليان افكار,Ammani,Negative,Medium
بشتت حالي بدون سبب واضح,Ammani,Negative,Medium
بدي يوم بدون مقاطعات ولا ازعاج,Ammani,Neutral,Medium
ببلش شغلة وبفتح ثلاث شغلات معها,Ammani,Negative,Medium
بدي اعيش يوم بدون ما استعجل حالي,Ammani,Neutral,Medium
بحاول امشيها بس الامور بتتعقد,Ammani,Negative,Medium
بدي اكون مرتاح بس مش عارف كيف,Ammani,Negative,Medium
بحكي خلص وبرجع لنفس الدوامة,Ammani,Negative,Medium
بدي اطنش بس في اشياء بتذكرني,Ammani,Negative,Medium
بحكي ما بهمني وبرجع بسأل بعدها,Ammani,Negative,Medium
بدي اسكت بس في كلام لازم ينحكى,Ammani,Neutral,Medium
بحاول اكون رايق بس الوضع مش مساعد,Ammani,Negative,Medium
بدي اكون طبيعي بس اليوم غريب,Ammani,Negative,Medium
بحكي بسيطة وبتطلع معقدة بالنهاية,Ammani,Negative,Medium
كل مرة بقول رح اغير وبكمل نفس الشي,Ammani,Negative,Medium
بحاول ما اهتم بس الموضوع بيرجع,Ammani,Negative,Medium
بدي اعيش بدون تفكير زيادة عن اللزوم,Ammani,Neutral,Medium
بحكي خلص وبكون لسا بالبداية,Ammani,Negative,Medium
بدي اطنش بس التفاصيل بتعلق براسي,Ammani,Negative,Medium
بحاول افهم وبضيع اكثر,Ammani,Negative,Medium
بدي اريح راسي بس مش قادر,Ammani,Negative,Medium
بحكي عادي وبكون مو عادي,Ammani,Negative,Medium
بدي اوقف تحليل كل موقف بصير,Ammani,Negative,Medium
بحاول اكون واضح وبخربط كل اشي,Ammani,Negative,Medium
اليوم بدي اكون منتج بس واضح العكس,Ammani,Negative,Medium
قاعد بحاول ارتب افكاري ومش زابطة,Ammani,Negative,Medium
بدي ابلش شغلة بس مش عارف من وين,Ammani,Negative,Medium
كل اشي حواليني مرتب الا راسي,Ammani,Negative,Medium
بدي اركز بس كل اشي بشتتني اليوم,Ammani,Negative,Medium
قاعد بس مستني يخلص الدوام بسرعة,Ammani,Negative,Medium
بدي اطلع اتمشى بس الكسل اقوى,Ammani,Negative,Medium
بحكي بدي اغير جو وبقعد مكاني,Ammani,Neutral,Medium
بفتح اللابتوب وبنسى ليش فتحته,Ammani,Negative,Medium
اليوم مزاجي مش واضح حتى الي,Ammani,Neutral,Medium
بدي اعمل اشي مفيد بس مش جاي عبالي,Ammani,Negative,Medium
قاعد بفكر اطلع وبأجل الفكرة,Ammani,Negative,Medium
كل اشي جاهز الا انا مش جاهز,Ammani,Negative,Medium
بدي اكون نشيط بس جسمي رافض,Ammani,Negative,Medium
بفتح موضوع وبنسى شو كنت بدي,Ammani,Negative,Medium
بدي اخلص شغلي بسرعة وبتمهل زيادة,Ammani,Negative,Medium
قاعد بمرق الوقت بدون احساس,Ammani,Neutral,Medium
بدي اعمل اشي جديد بس نفس الاشياء,Ammani,Negative,Medium
اليوم كسل غير طبيعي بصراحة,Ammani,Negative,Medium
بدي اركز بس الجو مش مساعد,Ammani,Negative,Medium
بفتح تطبيق وبسكره بدون سبب واضح,Ammani,Neutral,Medium
قاعد بحاول اكون هادي بس زهقان,Ammani,Negative,Medium
بدي اغير مكاني بس مو فارقة,Ammani,Neutral,Medium
بدي اطلع مشوار بسيط وبرجع بسرعة,Ammani,Neutral,Medium
اليوم بيمشي ببطء مش طبيعي,Ammani,Negative,Medium
قاعد بعمل شغلات عالفاضي بس,Ammani,Negative,Medium
بدي اشرب اشي بس مو عارف شو,Ammani,Neutral,Medium
بحكي خلص بوقف تلفون وبرجع امسكه,Ammani,Negative,Medium
بدي اكون رايق بس في ملل,Ammani,Negative,Medium
اليوم كله نفس الروتين بدون تغيير,Ammani,Negative,Medium
قاعد بفكر شو اطبخ وبطلب جاهز,Ammani,Neutral,Medium
بدي ادرس بس فجأة بصير عندي نعاس,Ammani,Negative,Medium
بفتح اغاني وبضل اقلب بينهم,Ammani,Neutral,Medium
قاعد عالكنباي وما الي نفس اتحرك,Ammani,Negative,Medium
بدي اغير جو الغرفة بدون سبب,Ammani,Neutral,Medium
اليوم مناسب اقعد واسكت لحالي,Ammani,Neutral,Medium
بدي اطلع بس ما بدي ازعج حدا,Ammani,Neutral,Medium
قاعد بفكر ليش اليوم هيك بطيء,Ammani,Negative,Medium
بدي اعمل قهوة وبأجلها كل مرة,Ammani,Negative,Medium
اليوم مزاجي بسيط بدون اي طاقة,Ammani,Negative,Medium
بدي اخلص اشي واحد وبفتح اشياء ثانية,Ammani,Negative,Medium
قاعد بمرق وقتي بدون ما احس,Ammani,Neutral,Medium
بدي اطلع بس الجو مكسلني زيادة,Ammani,Negative,Medium
بفتح فيديو وبضيع بسلسلة كاملة,Ammani,Negative,Medium
بدي اكون مركز بس مش قادر,Ammani,Negative,Medium
اليوم حاسه طويل بدون سبب,Ammani,Negative,Medium
قاعد بحاول اكون مفيد بس مش زابط,Ammani,Negative,Medium
بدي اسوي اشي بسيط وبعقده,Ammani,Negative,Medium
اليوم ما في اشي مميز بصراحة,Ammani,Neutral,Medium
قاعد بمرق اليوم زي اي يوم,Ammani,Neutral,Medium
بفتح الثلاجة وبرجع بدون ما اخذ اشي,Ammani,Neutral,Medium
كل ما اقرر اطلع بتذكر اني كسلان,Ammani,Negative,Medium
بدي اطبخ اشي وبغير رأيي بالنص,Ammani,Neutral,Medium
بفتح الاغاني وبقعد اختار بدون ما اسمع,Ammani,Neutral,Medium
بدي اغير روتيني بس بحب راحتي,Ammani,Neutral,Medium
بطلع مشوار قصير وبرجع تعبان اكثر,Ammani,Negative,Medium
بدي اركز بس كل اشي حواليني مشتت,Ammani,Negative,Medium
بقعد افكر اشي بسيط وبعقده لحالي,Ammani,Negative,Medium
بدي اخلص شغلة وبفتح شغلات ثانية,Ammani,Negative,Medium
كل يوم بحكي رح انام بكير وبأجل,Ammani,Negative,Medium
بفتح التلفون بس عشان اشوف الوقت,Ammani,Neutral,Medium
بدي اطلع بس ما عندي سبب واضح,Ammani,Neutral,Medium
بشتري اكل وبفقد نفسيتي عليه,Ammani,Negative,Medium
بدي اغير جو وبقعد بنفس المكان,Ammani,Negative,Medium
بقعد عالكنباي وبكسل حتى اتحرك,Ammani,Negative,Medium
بدي اعمل قهوة وبنسى الموضوع,Ammani,Neutral,Medium
كل ما اركز بتيجي افكار غريبة,Ammani,Negative,Medium
بفتح فيديو وبكمله للنهاية غصب,Ammani,Neutral,Medium
بدي ادرس بس فجأة بصير تعبان,Ammani,Negative,Medium
بقعد بدون سبب واضح وبضيع وقتي,Ammani,Negative,Medium
بدي اطلع اتمشى بس الجو مش مشجع,Ammani,Negative,Medium
بفتح المحادثات وما بحكي مع حدا,Ammani,Negative,Medium
بدي اغير مودي بس مش عارف كيف,Ammani,Negative,Medium
كل ما اقرر ابلش بطلعلي اشي ثاني,Ammani,Negative,Medium
بدي اخلص اشي وبأجل بدون سبب,Ammani,Negative,High
بقعد عالتلفون بدون ما احس بالوقت,Ammani,Negative,Medium
بدي اسوي اشي مفيد وبزهق بسرعة,Ammani,Negative,Medium
كل اشي حواليني مرتب الا مزاجي,Ammani,Negative,High
بدي اكون نشيط بس جسمي مش متعاون,Ammani,Negative,Medium
بفتح تطبيق وبطلع منه فوراً,Ammani,Neutral,Medium
بدي اطلع بس ما الي نفس البس,Ammani,Negative,High
بقعد افكر شو اعمل وبعملش اشي,Ammani,Negative,Medium
بدي اغير جو بس ما بدي اطلع,Ammani,Negative,Medium
كل ما اركز بتيجي رسالة تشتتني,Ammani,Negative,High
بفتح اشي وبنسى ليش فتحته,Ammani,Negative,Medium
بدي اخلص شغلي بس بأجل لبعدين,Ammani,Negative,Medium
بقعد بمرق الوقت بدون اي فايدة,Ammani,Negative,High
بدي اعمل اشي جديد وبكرر القديم,Ammani,Negative,Medium
كل يوم نفس الروتين بدون تغيير,Ammani,Negative,Medium
بفتح فيديو وبضيع بين المقاطع,Ammani,Negative,High
بدي اطلع بس بكسل باخر لحظة,Ammani,Negative,Medium
بقعد لحالي وبزهق من حالي,Ammani,Negative,Medium
بدي اغير اشي بس مش عارف شو,Ammani,Negative,High
كل ما ارتب اشي بخرب اشي ثاني,Ammani,Negative,Medium
بدي اركز بس راسي مش صافي,Ammani,Negative,Medium
بدي اخلص يومي بدون ما احس فيه,Ammani,Neutral,High
بقعد بعمل ولا اشي من الصبح,Ammani,Negative,Medium
بدي اكون رايق بس الملل موجود,Ammani,Negative,Medium
كل اشي بسيط بس انا معقده,Ammani,Neutral,High
بفتح الثلاجة كل شوي بدون سبب,Ammani,Neutral,Medium
بدي اطلع بس ما عندي طاقة,Ammani,Negative,Medium
بقعد بمرق الوقت وبحسب الساعات,Ammani,Negative,High
بدي اعمل اشي مفيد وبأجل,Ammani,Negative,Medium
كل ما احكي دقيقة بضيع ساعة,Ammani,Negative,Medium
بفتح الاغاني وبعيد نفس المقطع,Ammani,Neutral,High
بدي اركز بس الضجة براسي اكثر,Ammani,Negative,Medium
بقعد بعمل اشياء صغيرة بدون هدف,Ammani,Negative,Medium
بدي اغير روتيني وبزهق بسرعة,Ammani,Negative,High
كل ما اقرر انجز بتأجل,Ammani,Negative,Medium
بفتح فيديو واحد وبشوف عشرة وراه,Ammani,Negative,Medium
مش طبيعي قديش الأزمة اليوم,Ammani,Negative,high
"يا زلمة، والله إنك قطاعة",Ammani,Positive,high
"اطلع بدري عشان تلحق ، الأزمة عند دوار الداخلية مش طبيعية",Ammani,Negative,high
شو قصة الحفريات اللي بطلت تخلص بشارع مكة؟,Ammani,Negative,high
"دير بالك وأنت سايق، الدنيا مطر والشوارع بتزحلق",Ammani,Negative,high
قديش بتوخذ من الدوار السابع للمطار؟,Ammani,neutral,high
"التوجيهي بالأردن هيبة، البيت كله بصير بحالة طوارئ",Ammani,neutral,high
"البيت بيتك، لا تستحي، اعتبر حالك بين أهلك",Ammani,Positive,high
"الله يعطيك العافية، غلبناك معنا اليوم",Ammani,Positive,high
"صارلي ساعة بستنى فيك، وينك لهلأ؟",Ammani,Negative,high
"صاير تمشي كل يوم، والله برافو عليك",Ammani,Positive,medium
"الوالدة من الصبح وهي بتنظف بالبيت، شكلها عازمة  حدا",Ammani,Neutral,high
"بعتلك لوكيشن المحل على الواتساب، شفته؟",Ammani,Neutral,high
"النت عندي بعلق، مش عارف أحضر الحلقة",Ammani,Negative,high
شو باسوورد  الواي فاي تاعكم,Ammani,neutral,high
الكهربجي هاد إيده خفيفة وبخلص الشغل بسرعة,Ammani,Positive,high
"دهان البيت بدو تغيير، اللون هاد صار قديم وبغبر بسرعة",Ammani,Negative,high
يزم أنت بتحكي جد ولا بتمزح معي؟,Ammani,neutral,high
"والله انحرجت منه، عزمني وما قدرت أروح",Ammani,Negative,high
والله إنه ابن حلال وما بقصر مع حدا,Ammani,Positive,high
"يا لطيف شو نفسيته حامضة، ما بيضحك للرغيف السخن",Ammani,Negative,high
"صحتين وعافية على قلبك، ان شاء الله مطرح ما يسري يمري",Ammani,Positive,high
"ادهن فيكس وتلحف منيح، وبكرة بتصحى زي الحصان",Ammani,Positive,high
"الصوبة بدها فتيلة جديدة، ريحتها صارت كاز",Ammani,Negative,high
"القلوب عند بعضها، والله كنت لسا بدي أرن عليك.",Ammani,Positive,high
" الله يهني سعيد بسعيدة ، والله بلبقوا لبعض",Ammani,Positive,high
"يا زلمة لا تغلب حالك، والله جيتك هي أكبر هدية",Ammani,Positive,high
"البس فروة، البرد بعمان بقص المسمار قص.",Ammani,neutral,high
"لا تشيل هم، ربك بدبرها من سابع سما",Ammani,Positive,high
البراند تبعنا صار معروف بكل الأردن هسا,Ammani,Positive,high
"السي في تبعك مرتب، بس بدك نفس طويل بالمقابلات",Ammani,Positive,high
"اللوكيشن اللي بعته غلط، وصلت لآخر الدنيا وما لقيت حدا",Ammani,Negative,high
"طول بالك يا زلمة، العصبية ما بتجيب إلا الضغط والسكري",Ammani,neutral,high
"يزم فكك  منه، هاد بني آدم  سلبي  وبس بده يخرب المزاج.",Ammani,Negative,medium
"شو هالمسخرة، صرلنا ساعة بنستنى عشان وجبة؟",Ammani,Negative,high
"باص عمان الجديد مرتب وفيه تكييف، والله اتطورنا",Ammani,Positive,high
"بدي أعمل دروب للمادة، مش فاهم فيها ولا شي",Ammani,Negative,medium
نزلت صيفي عشان أتخرج وأخلص من وجع الراس,Ammani,neutral,high
"البروجكت بده شغل جماعي، بس كالعادة أنا اللي بشتغل والكل بوخد علامة",Ammani,Negative,high
أي ساعة بتبلش محاضرتك الجاية؟ خلينا نلحق نفطر قبلها,Ammani,neutral,high
ليش الدكتور حاط نقره من نقري؟ كل ما أجاوب بطلعلي غلط.,Ammani,Negative,high
"الله يعيننا على هالدكاترة، كل واحد مفكر مادته أهم مادة بالكون",Ammani,Negative,high
ريحة القهوة السادة الصبح بتخلي الواحد يصحصح غصب عنه,Ammani,Positive,high
"اليوم كان طويل بشكل مش طبيعي، من الصبح وأنا مشغول",Ammani,Negative,high
"صف السيارة هون وأنا بنزل بشتري الغرض وباجي بسرعة، ما راح أتأخر",Ammani,neutral,high
"اشتريت ايربودز وطلعت وحدة منهم خربانة، حظي وبعرفه",Ammani,Negative,high
"يا جماعة خلونا نغير جو، والله النفسية محتاجة شمّة هواء",Ammani,neutral,high
"عنجد لو نركز شوي، بنخلص كل إشي بسرعة",Ammani,neutral,high
ليش ما نستخدم تولز تساعدنا بدل هالتعب كله؟,Ammani,neutral,high
ليش ما نعمل تشيك سريع قبل ما نسلم؟,Ammani,neutral,high
يا زلمة في ضغط نفسي زيادة عن اللزوم بهالفترة,Ammani,Negative,high
يا زلمة الباص تأخر نص ساعة وأنا واقف مستني بالبرد,Ammani,Negative,high
"يا زلمة الدكتور شرحه بواد والامتحان بواد، الله يستر من الفاينل",Ammani,Negative,high
بدي ستادي بارتنر ندرس مع بعض,Ammani,neutral,medium
على راسي والله,Ammani,neutral,high
شو هالغيبة؟ زمان عنك,Ammani,neutral,high
شو بدك تعمل هسا؟,Ammani,neutral,high
عندك فكة خمسة؟,Ammani,neutral,high
شو في ما في,Ammani,neutral,high
الوضع لوز,Ammani,neutral,high
والله إني طفران عالاخر,Ammani,Negative,high
طلعت روحي وأنا بستنى,Ammani,Negative,high
بمون عليك,Ammani,Positive,high
بنشوفك على خير,Ammani,neutral,high
"أعطيني الصافي، شو صار معك؟",Ammani,neutral,high
الرادار لقطني على طريق المطار,Ammani,Negative,high
"خلص، تمّ الموضوع، اعتبره خالص",Ammani,Positive,medium
شو هالشياكة؟ طالع عريس اليوم,Ammani,Positive,high
لسانه متبري منه,Ammani,Negative,high
شوفلك واسطة بلكي مشيت الأمور,Ammani,neutral,high
شو طابخة أمي اليوم؟ ميت جوع,Ammani,neutral,high
والله القعدة معكم ما بتنمل,Ammani,neutral,high
"خلينا نشوفك قريب، لا تقطعنا",Ammani,neutral,high
سلّم لي على  الوالد والوالدة  كثير,Ammani,neutral,high
"يا زلمة  أكلت راسي  بالقصة، خلص فهمنا",Ammani,Negative,high
والله ما فيها مجال,Ammani,neutral,high
والله الفيو  هون بجنن,Ammani,neutral,high
إحنا  ولاد بلد  وبنعرف بعض منيح,Ammani,Positive,high
يا خوي  صيت غنى ولا صيت فقر,Ammani,neutral,high
والله هيبة يا كبير,Ammani,Positive,high
طمنّا عنك بس توصل,Ammani,neutral,high
يا ويلي ما أثقل دمك لما بدك شغلة,Ammani,Negative,high
"هاي القطعة نخب أول، مستحيل تلاقي زيها",Ammani,neutral,high
"والله  السعر نار ، راعينا شوي يا حج",Ammani,neutral,high
"بدي غرض يعيش معي، مش يومين ويخرب",Ammani,neutral,high
في أكل و لا نوصي ؟,Ammani,neutral,high
"والله الدنيا تلاهي، الواحد مش ملحق",Ammani,neutral,high
شو يا معلم؟ وين أراضيك؟,Ammani,neutral,high
"إقعد يا زلمة، لسه السهرة بأولها",Ammani,neutral,high
العمر بخلص والشغل ما بخلص,Ammani,Negative,high
بدنا نطلع نشتري أغراض للبيت,Ammani,neutral,high
مين اللي ترك الباب مفتوح,Ammani,neutral,high
يا الله شو البيت هادي والولاد نايمين,Ammani,neutral,high
"بدنا نضب أواعي الشتا، الصيف إجا",Ammani,neutral,high
والله الجيرة الطيبة رزق من الله,Ammani,neutral,high
البيت بدو تعزيلة محترمة قبل العيد,Ammani,neutral,high
ما أغلى من الولد إلا ولد الولد,Ammani,Positive,high
بدنا نصلح الحنفية صار لها أسبوع بتنقط,Ammani,Negative,high
خلينا ننام بدري ورانا دوام,Ammani,neutral,high
والله الشغل هاد بهد الحيل,Ammani,Negative,high
"يا زلمة لا تدقق كثير، مشي الأمور",Ammani,neutral,high
"يا خوي الأرزاق على الله، لا تحمل هم",Ammani,Positive,high
"والله السوق نايم، ما في حركة بيع",Ammani,Negative,high
والله ما ضل حدا ما حكى بالموضوع,Ammani,Negative,high
يا زلمة لا تتفلسف وإنت مش فاهم رأسك من رجليك,Ammani,Negative,high
"يا أخي لا تقارني بغيري، كل واحد وظروفه",Ammani,Negative,high
"الحق مش عليك، الحق عليّ أنا",Ammani,Negative,high
"يا زلمة كفّيت ووفّيت، ما قصرت",Ammani,positive,high
والله القلوب عند بعضها يا غالي.,Ammani,neutral,high
"يا خوي الصاحب ساحب، اختار صاحبك صح",Ammani,neutral,high
ما حدا بوخذ معه شي على القبر,Ammani,neutral,high
الدنيا ما بتوقف على حدا,Ammani,neutral,high
إنت دايماً بتعمل من الحبة قبة,Ammani,Negative,high
يا خوي صفي نيتك وبترتاح,Ammani,neutral,high
شو حركات الولاد الصغار هاي,Ammani,Negative,high
ما بيعجبك العجب,Ammani,Negative,high
كيف الأوضاع عندكم؟ والله بالنا عندكم,Ammani,Positive,high
يا رب يجمعنا على خير بأقرب وقت,Ammani,Positive,high
شو أخبار الغربة معك؟ تعودت ولا لسا,Ammani,Neutral,high
بدنا نعمل سهرة مرتبة بس ترجع,Ammani,Positive,high
والله قعدتك بتسوى الدنيا وما فيها,Ammani,Positive,high
غالي و الطلب رخيص,Ammani,Positive,high
الله يهدي البال ويصلح الحال,Ammani,Positive,high
والله ما بيستاهل حتى كلمة سلام,Ammani,Negative,high
والله فرحتلك من كل قلبي كأنه التخرج إلي,Ammani,Positive,high
"بدنا نتسحر اليوم بوسط البلد، الجو بكون روعة",Ammani,positive,high
ان شاء الله دايماً دياركم عامرة بالأفراح,Ammani,positive,high
النت ضعيف و الميتينق بقطع,Ammani,Negative,high
يا زلمة لا تصدق كل شي بتشوفه عالنت,Ammani,neutral,high
والله الحياة صارت سريعة,Ammani,neutral,high
بدي أروح عالجيم أغير جو وأحرك حالي,Ammani,Positive,high
يا زلمة الكلمة الحلوة طالعة والكلمة المرة طالعة,Ammani,neutral,high
والله الرزقة بدها حركة ومش قعدة بالبيت,Ammani,neutral,high
"والله الأيام بتركض ركض، استغل كل لحظة",Ammani,neutral,high
والله عمان بقلبي وين ما رحت,Ammani,Positive,high
"بشوف وبَرُدّلك خبر، ولا يهم",Ammani,neutral,high
"خَلّيها للأسبوع الجاي، بلكي رِوقِت الأمور",Ammani,neutral,high
والله على طرف لساني لسا بدي أحكيلك,Ammani,neutral,high
"والله ما غبت عن بالي، بس انشغلت شوي",Ammani,neutral,high
اصبر عليّ شهرين زمان وبكون عندك,Ammani,neutral,high
بلكي بكرة أو بعده بنمرّ عليك,Ammani,neutral,high
الله يكتب اللي فيه الخير,Ammani,Positive,high
"يا خوي راعينا بالسعر، إحنا زباينك",Ammani,neutral,high
بدنا نعمل جمعة يوم السبت بالحديقة,Ammani,Positive,high
"يا زلمة الأخبار بتسد النفس، سكر هالتلفزيون",Ammani,Negative,high
"خلينا باللي بنفهم فيه، السياسة إلها ناسها",Ammani,neutral,high
يا زلمة الهدف عالمي,Ammani,neutral,high
"خلينا نحضر المباراة بالقهوة، حماس أكثر",Ammani,Positive,high
لا تنسى الكاميرا عشان نصور,Ammani,neutral,high
والله ما هي غريبة عليك,Ammani,Positive,high
والله حقك عليّ ومن عيوني الثنتين,Ammani,Positive,high
والله ما نسينا المعروف ولا بننسى أهله,Ammani,Positive,high
يا زلمة إنت كفو وبتستاهل كل خير,Ammani,Positive,high
"يا خوي العتب على النظر، ما شفتك وأنا طالع",Ammani,neutral,high
"يا ويلي شو الأولاد بدوشوا بالحارة، بس مِحليينها",Ammani,positive,high
بدنا نروح نفطر حمص وفول من عند هاشم,Ammani,positive,high
والله ريحة الكستناء ع الصوبة بتفتح النفس,Ammani,positive,high
"يا خوي تلفح منيح، البرد بقص المسمار",Ammani,neutral,high
"شغل الكوندشن ع الحامي، بطلنا نجمع",Ammani,Negative,high
بدنا نجيب خبز وكاز قبل ما تسكر الدنيا,Ammani,neutral,high
"يا خوي لا تدفش، كلنا رح ننزل",Ammani,Negative,high
والله الأزمة خلتنا نقضي نص عمرنا بالباص,Ammani,Negative,high
والله ما في شي بضل على حاله,Ammani,neutral,high
"والله ربك ما بنسى حدا، خلي أملك كبير",Ammani,Positive,high
والله وجع ساعة ولا وجع كل ساعة.,Ammani,Neutral,high
"والله الدعاء بغير القدر، لا تقطع رجاك",Ammani,Positive,high
"يا سيدي هاردلك هالمرة، الجايات أكثر",Ammani,Positive,high
ما بسترجي يحكي كلمة قدام أبوه,Ammani,Neutral,high
"يا خوي إرسي لك على بر، شو بدك بالزبط",Ammani,Negative,high
شو يا كبير؟ وين سهرتكم اليوم,Ammani,neutral,high
يا زلمة فكك من هالسوالف الفاضية,Ammani,Negative,high
شو هاد المنظر,Ammani,Negative,high
يا زلمة لا تكون دراما بزيادة,Ammani,Negative,high
بدنا نروح نعزي,Ammani,neutral,high
والله الحلو من عند نفيسة ما في بعده,Ammani,Positive,high
بدنا نعمل لمة للشباب بمناسبة السفرة,Ammani,Positive,high
والله الفرحة ما بتكمل إلا بوجودكم,Ammani,Positive,high
يا خوي شرفتونا ونورتوا داركم,Ammani,Positive,high
والله الأردن جنة للي بعرف قيمتها,Ammani,Positive,high
والله الأمان نعمة كبيرة بالأردن,Ammani,Positive,high
الله يديم علينا الأمن والأمان,Ammani,Positive,high
والله الأكل بهاد المطعم سعره أوفر .,Ammani,Negative,high
السيستم واقع بالشركة اليوم,Ammani,Negative,high
خلينا نشيّر الموقع عشان الكل يوصل,Ammani,neutral,high
والله الشغلة بدها كرياتيفيتي,Ammani,neutral,high
والله الفايبس هون بتجنن,Ammani,Positive,high
خلينا نشيك عالمنيو قبل ما نطلب,Ammani,neutral,high
يا ويلي شو البيت معجوق من ورا الولاد,Ammani,Negative,high
سلميلي ع البنات كلهم,Ammani,Positive,high
يا خوي إحنا ضيوف عندك مش إنت ضيف عنا,Ammani,Positive,high
والله القلوب مفتوحة قبل البيوت.,Ammani,Positive,high
يا زلمة بيضت وجهنا وما قصرت بالمرة,Ammani,Positive,medium
"هاي، كيفك؟ سو شو الخطّة اليوم؟",Ammani,neutral,high
والله المود اليوم مش زيادة,Ammani,Negative,high
"والله الفرصة بتيجي مرة وحدة، استغلها",Ammani,Positive,high
الكلمة بتكسر وبتجبر,Ammani,neutral,high
"إجا يكحلها، عماها",Ammani,Negative,high
اللي بياكل على ضرسه بنفع نفسه,Ammani,neutral,high
اللي بدق الباب بيسمع الجواب,Ammani,neutral,high
يا خوي إحنا أهل والدار دارك دايماً,Ammani,Positive,high
والله الصحة أهم من كل شي,Ammani,Positive,high
يا خوي إبعتلي إياها واتساب أسهل,Ammani,neutral,high
"والله الشحن طار، معك باور بانك؟",Ammani,Negative,high
يا زلمة شو القصة؟ السير واقف والناس معصبة,Ammani,Negative,high
"يا خوي لا تحمل السلم بالعرض، هونها وتهون",Ammani,Positive,high
بدنا نجيب كنافة ونحلي بنجاحك,Ammani,Positive,high
الله يديم الأفراح في دياركم دايماً,Ammani,Positive,high
ايش فيه الدنيا طعة وقايمة,Ammani,Negative,medium
السواقة بعمان بدها أعصاب من حديد,Ammani,Negative,high
"يا زلمة لا تزمّر، والله السير واقف",Ammani,Negative,high
"انتبه ع الطريق، لا تضل تطّلع ع التلفون",Ammani,neutral,high
والله البيت بدون حسّك ما اله طعم,Ammani,Positive,high
"والله الولاد جننوني اليوم، الله يهديهم",Ammani,Negative,high
والله قهوة الصبح مع الوالدة غير شكل,Ammani,Positive,high
"لا تظل سهران ع التلفون، وراك دوام",Ammani,neutral,high
"اللي ما فيه خير لأهله، ما فيه خير للناس",Ammani,neutral,high
إنت قد حالك,Ammani,Positive,high
"والله العريس منور، الله يتمم له على خير.",Ammani,Positive,high
خليك راعي واجب وقوم بالضيف,Ammani,neutral,high
في أمان الله وبنشوفكم بالأفراح دايماً,Ammani,Positive,high
بدي أفصل أواعي عند خياط شاطر,Ammani,neutral,medium
بدي أجيب أغراض المونة قبل الشتوية,Ammani,neutral,high
يا معلم في عندك زيت زيتون بلدي أصلي؟,Ammani,neutral,high
يا خوي إحكيلي الصافي قديش بدك تبيع؟,Ammani,neutral,medium
والله عمان صارت كلها مولات ,Ammani,neutral,high
المعاملة صار لها أسبوع وما خلصت,Ammani,Negative,high
يا خوي لا تنسى تجيب معك دفتر العيلة,Ammani,neutral,high
يا خوي في عندك قلم زيادة أكتب فيه؟,Ammani,neutral,high
بدي أشتري كتاب جديد أقرأه بالمواصلات,Ammani,neutral,high
بدي أروح عالبحر الميت اغير جو,Ammani,Positive,high
بدنا نعمل قطايف ونقعد قعدة رواق.,Ammani,Positive,high
"يا ويلي شو الأسعار نار، بطلنا نلحق",Ammani,Negative,high
شو هالقعدة؟ قعدة ختايرة بوسط البلد يوم جمعة؟,Ammani,neutral,high
والله الراتب طار وما لحقنا نتهنى فيه بالمرة,Ammani,Negative,high
"والله المحبة من الله، وإنت دخلت قلبي بسرعة.",Ammani,Positive,high
شوف الرادار لقطنا ولا لسه؟ شكلي كنت طاير,Ammani,Negative,high
" النفق مسكر، شكله في حادث",Ammani,Negative,high
"يا زلمة صُفّ ع اليمين خليني أنزل، روحي طلعت",Ammani,Negative,high
يا زلمة إمشي وراك ناس مستعجلة وعندها شغل,Ammani,Negative,high
الشارع هاد دايماً فيه عجقة بدون سبب,Ammani,Negative,high
العجقة عند الدوار السابع بتجيب الجلطة,Ammani,Negative,high
"يا خوي دير بالك ع حالك، إنت غالي علينا",Ammani,Positive,high
الجو بقلب بثانية الصبح صيف و بالليل شتا,Ammani,neutral,high
"يا زلمة أبشر بالفزعة، لو بدك الروح ما تغلى.",Ammani,Positive,high
إحنا ولاد بلد وبنعرف بعض من نظرة العين.,Ammani,Positive,high
"يا خوي إختصر، ورانا  أشغال ومواعيد",Ammani,Positive,high
"شو هاد؟ كاشخ اليوم على الآخر، وين السهرة؟",Ammani,Negative,high
"يا زلمة لا تكون رسمي زيادة، إحنا أهل.",Ammani,Positive,high
"والله السعر هاد بدو ميزانية دولة، راعينا.",Ammani,Negative,high
"والله بضاعتك نخب أول، بتستاهل كل قرش.",Ammani,Positive,high
سلملي ع الأهل فرداً فرداً بلا استثناء,Ammani,Positive,high
والله اليوم كان كتير حلو وانبسطت معكم,Ammani,positive,Medium
شاكه انو الدكتور رح يجيبلنا اسئلة من المريخ,Ammani,negative ,high
ولك الف مشروع وراك ليه هيك قاعد,Ammani,negative ,high
طفوا التلفزيون صوتو عالي,Ammani,Neutral,Medium
نفسيتي هاد الشهر بتعتمد عمباراة اليوم,Ammani,Neutral,high
نفسي اشوف شوفير باص مش لئيم,Ammani,Neutral,high
 اليوم كان سيء وكل إشي خرب معي,Ammani,negative ,high
عنجد الموضوع مستفز وما بينسكت عليه بسهوله,Ammani,negative ,high
اليوم رحت عالجامعة وحضرت كل المحاضرات,Ammani,Neutral,Medium
فتحت اللابتوب واشتغلت على المشروع ساعتين,Ammani,Neutral,Medium
اشتقتلك كتير بس بنفس الوقت كنت زعلانة منك,Ammani,positive,Medium
الأكل كان طيب بس الكمية كانت قليلة,Ammani,positive,high
مليش أحكي مع حدا اليوم بالمره,Ammani,Neutral,high
وطي عالنار تحت الطنجره لوسمحتي,Ammani,Neutral,high
فرجيني شو جبتي من المول,Ammani,Neutral,high
شو حاب تشرب البيت بيتك,Ammani,Neutral,high
"لا والله ما صحلي ازورها, قولتك زعلت؟",Ammani,negative,high
البيت كتير وسخ! زي القرود,Ammani,negative,high
سعر الدهب صاير بالسما,Ammani,negative,high
مافي وقت قومي البسي تأخرنا عالجماعة,Ammani,nuetral,high
حطوا اكل للبسس الي برا حرام شكلهم جوعانين,Ammani,positive,high
والله الخضار العام بجنن لازمنا طلعة,Ammani,positive,high
عندي شغل بلاوي مش فاضي دبروا حالكم,Ammani,negative ,high
ولك بعدين معك! وطي صوتك,Ammani,negative ,high
دراستي مبارح كلها عالفاضي جد اشي بخزي,Ammani,negative ,high
شوف شو ناقصنا اغراض من التلاجه,Ammani,Neutral,high
شو انها شرشوحه ومفزلكة,Ammani,negative ,high
تأدب لما تحكي معو الزلمه كبير,Ammani,negative ,high
كتير زهقانه شو رأيكم نطلع طشه,Ammani,Neutral,high
"شفته وهو بغش بالامتحان, يمكن يفصلوه من الجامعة",Ammani,negative ,high
مسكرين الشارع كأنو؟ خير شو في,Ammani,Neutral,high
قديه الحساب لو سمحت بدي الفاتورة,Ammani,Neutral,high
شو حكالك الدكتور؟ طمنا,Ammani,Neutral,high
البلكونه كلها تراب! الاواعي توسخوا,Ammani,negative ,high
خبصت بامتحان السواقه اليوم من كتر الضغط,Ammani,negative ,high
لازم ننزل الصوبا الشتويه بلشت,Ammani,positive,high
شو طابخين اليوم؟ احنا عاملين منسف,Ammani,Neutral,high
ماما وبابا راحوا عالعمرة وجابولنا هدايه معهم,Ammani,Neutral,high
نسيت كيف اسوي الرز بصير تساعدني,Ammani,Neutral,high
الاكل كتير مزنخ مارح ارجع ع هاد المطعم,Ammani,negative ,high
الطريق ازمه والناس كلها بتدافش,Ammani,negative ,high
الله يهنيهم مبارح كانت الخطبه,Ammani,positive,high
ولك مين مفكره حالك؟ احترمي حالك,Ammani,negative ,high
الزريعه ناشفه وبدها مي قوم اسقيها,Ammani,negative ,high
لسا معك وقت لا تتوتري بتلحقي,Ammani,positive,high
سمعت عن الحادث مبارح؟ مالها الناس انهبلت,Ammani,negative ,high
خلص انتو اطلعوا وانا بلحقكم,Ammani,Neutral,high
عادي تعطيني قلم تاني هاد ناشف,Ammani,Neutral,high
جد استفزتني ما خلتني احكي,Ammani,negative ,high
مش منطق الي بتحكي فيه,Ammani,negative ,high
شو وين هالغيبه زمان عنك ,Ammani,Neutral,high
بلاش ما نزعل من بعض ,Ammani,negative ,high
وين كاين طالع بنصاص الليالي ,Ammani,negative ,high
والله انو شب زقرت ما عليه كلام ,Ammani,negative ,high
من وين جبتوا طقم الكنب كتير حلو,Ammani,positive,high
بديش انام حكيتلك مش نعسان,Ammani,negative ,high
من وينلك كل هالمصاري عمين كاين تضحك,Ammani,negative ,high
صوت الزفه واصل اخر الشارع مش عارفين ننام,Ammani,negative ,high
اطلع عالسطح تفقد الخزان شكله فاضي,Ammani,Neutral,high
بالله ياخوي تحرك لانك مسكر علي,Ammani,negative ,high
مش عاجبني اسلوبك بالنقاش ,Ammani,negative ,high
ليه ما سلمت ع خالتو عيب عليك,Ammani,negative ,high
والله ما توقعت هيك يصير معي بهالسرعة,Ammani,Negative,high
اليوم كان لطيف ومرق بدون  توتر,Ammani,Positive,Medium
صحيت متأخرة شوي بس لحقت المحاضرة,Ammani,Neutral,Medium
القعدة كانت رايقة بس الاغاني كانت مزعجة,Ammani,Positive,Medium
عنجد انبسطت لما شفتكم بعد هالغيبة,Ammani,Positive,High
تعبت من كتر التفكير بالموضوع نفسو,Ammani,Negative,High
رحت عالسوق وجبت أغراض للبيت,Ammani,Neutral,Low
الجو حلو بس الدنيا مغبرة بشكل غريب,Ammani,Positive,Medium
حسيت حالي مرتاحة لما خلصت كل شي,Ammani,Positive,High
كل يوم في مشكلة جديدة بتطلع فجأة,Ammani,Negative,High
قعدت أدرس شوي وبعدين أخدت بريك,Ammani,Neutral,Medium
الفلم حلو بس نهايته ما كانت مقنعة,Ammani,Positive,Medium
فرحت كتير بالخبر اللي وصلني اليوم,Ammani,Positive,High
ما حبيت أسلوبه بالحكي أبداً اليوم,Ammani,Negative,High
قضيت وقتي بين الشغل وترتيب الغرفة,Ammani,Neutral,Low
المكان مرتب بس الأسعار كانت غالية,Ammani,Positive,Medium
عنجد ضليت أضحك من الموقف الغريب,Ammani,Positive,High
زهقت من نفس الوجوه كل يوم بالجامعة,Ammani,Negative,High
شغلت اللابتوب وبلشت أكتب التقرير,Ammani,Neutral,Medium
انبسطت بالبداية بس بعدين ملّيت شوي,Ammani,Positive,Medium
حسيت بطاقة حلوة من الصبح لآخر اليوم,Ammani,Positive,High
الموضوع كبر زيادة عن اللزوم بصراحة,Ammani,Negative,High
رحت أتمشى شوي عشان أغير جو,Ammani,Neutral,Medium
الجو شمس بس الهوا بارد شوي,Ammani,Positive,Low
كتير حبيت كيف طلع شكلي اليوم,Ammani,Positive,High
ضايقني تصرفه وما عرفت كيف أرد,Ammani,Negative,High
قعدنا نحضر مسلسل بدون ما نحكي كثير,Ammani,Neutral,Low
الأكل طيب بس بارد شوي,Ammani,Positive,Low
انبسطت لما خلصت كل شغلي بدري,Ammani,Positive,High
مش قادرة أتحمل الضغط هالفترة أبداً,Ammani,Negative,High
رتبت أغراضي وحطيت كل شي بمكانه,Ammani,Neutral,Medium
الفكرة حلوة بس بدها شغل أكتر,Ammani,Positive,Medium
ضحكت كتير اليوم مع البنات بالجامعة,Ammani,Positive,High
تعبت من القعدة بالبيت بدون تغيير,Ammani,Negative,High
فتحت الموبايل وضليت أتصفح شوي,Ammani,Neutral,Low
المكان حلو بس بعيد شوي عني,Ammani,Positive,Medium
عنجد حسيت حالي مبسوطة من جوا اليوم,Ammani,Positive,High
ما توقعت الموضوع يضايقني لهالدرجة,Ammani,Negative,High
قعدت أرتب جدولي للأسبوع الجاي,Ammani,Neutral,Medium
الطقس حلو بس في شوية غبرة,Ammani,Positive,Medium
كتير انبسطت بالنتيجة اللي وصلت إلها,Ammani,Positive,High
انقهرت من التأخير اللي صار اليوم,Ammani,Negative,High
مرّ اليوم بشكل طبيعي بدون مفاجآت,Ammani,Neutral,Low
القعدة كانت حلوة بس قصيرة,Ammani,Positive,Medium
حسيت براحة نفسية لما خلصت الحكي,Ammani,Positive,High
زعلت لأنه ما سأل عني أبداً,Ammani,Negative,High
اشتغلت شوي وبعدين ارتحت نص ساعة,Ammani,Neutral,Medium
الفيلم ممتع بس طويل زيادة,Ammani,Mixed,Medium
فرحت لما شفت الدعم من الكل,Ammani,Positive,High
تعبت من كتر الالتزامات ورا بعض,Ammani,Negative,High
والله اليوم حسيت حالي خفيفة وما في ضغط,Ammani,Positive,High
عنجد الموضوع زاد عن حده وصار مزعج,Ammani,Negative,High
قعدت أراجع المحاضرات قبل ما أنام,Ammani,Neutral,Medium
الطلعة كانت حلوة بس الطريق كان زحمة,Ammani,Mixed,Medium
كتير انبسطت من الجو الحلو اليوم,Ammani,Positive,High
مش فاهمة ليش كل شي عم يعقد معي,Ammani,Negative,High
رحت أشتري قهوة ورجعت بسرعة,Ammani,Neutral,Low
المكان مرتب بس الجو فيه حر زيادة,Ammani,Mixed,Medium
حسيت بطاقة إيجابية من أول اليوم,Ammani,Positive,High
كل إشي كان ماشي غلط بدون ترتيب,Ammani,Negative,High
اشتغلت شوي على المشروع وبعدين وقفت,Ammani,Neutral,Medium
الفكرة ممتازة بس التطبيق ضعيف شوي,Ammani,Positive,Medium
فرحت كتير لما خلصت كل التزاماتي,Ammani,Positive,High
زعلت لأنه ما احترم الوقت أبداً,Ammani,Negative,High
قعدنا نحكي شوي عن الشغل وبس,Ammani,Neutral,Low
الأكل زاكي بس الكمية كانت قليلة,Ammani,Positive,Medium
عنجد ضحكت من قلبي على الموقف,Ammani,Positive,High
زهقت من الروتين اليومي بدون تغيير,Ammani,Negative,High
فتحت التلفزيون وحضرت برنامج عادي,Ammani,Neutral,Low
الجو حلو بس في شوية رطوبة,Ammani,Positive,Medium
حسيت حالي مرتاحة نفسياً طول اليوم,Ammani,Positive,High
تعبت من كتر التفكير بدون نتيجة,Ammani,Negative,High
رحت أتمشى شوي قبل ما أرجع,Ammani,Neutral,Medium
المكان حلو بس في ضجة عالية,Ammani,Positive,Medium
كتير حبيت اللوك تبعي اليوم,Ammani,Positive,High
ضايقني كلامه وما قدرت أتجاهله,Ammani,Negative,High
قعدت أكتب ملاحظاتي على الدفتر,Ammani,Neutral,Medium
القعدة حلوة بس قصيرة شوي,Ammani,Positive,Medium
انبسطت لما شفت صحباتي بالجامعة,Ammani,Positive,High
مش قادرة أركز من كتر الضغط,Ammani,Negative,High
رتبت غرفتي وحسيت بفرق كبير,Ammani,Positive,Medium
الجو لطيف بس الهوا قوي شوي,Ammani,Positive,Medium
حسيت بسعادة لما خلصت المهمة,Ammani,Positive,High
الموضوع مستفز وما بينسكت عليه,Ammani,Negative,High
قعدت أشتغل على اللابتوب ساعة,Ammani,Neutral,Medium
المكان جميل بس بعيد عني شوي,Ammani,Positive,Medium
انبسطت بالقعدة مع العيلة اليوم,Ammani,Positive,High
زعلت لأنه تجاهلني بدون سبب,Ammani,Negative,High
رحت أشتري أغراض بسيطة للبيت,Ammani,Neutral,Low
الأكل طيب بس بارد شوي,Ammani,Positive,Low
حسيت براحة لما خلصت الشغل,Ammani,Positive,High
تعبت من الزحمة اللي صارت اليوم,Ammani,Negative,High
قعدنا نحضر فيلم بدون تعليق,Ammani,Neutral,Low
الطقس حلو بس مغبر شوي,Ammani,Positive,Medium
فرحت من النتيجة اللي طلعت معي,Ammani,Positive,High
انقهرت من التأخير اللي صار,Ammani,Negative,High
مرّ اليوم بدون أي أحداث مهمة,Ammani,Neutral,Low
القعدة كانت لطيفة بس هادية زيادة,Ammani,Positive,Medium
حسيت بطاقة حلوة من اللي حوالَي,Ammani,Positive,High
ما إلي خلق أحكي مع حدا اليوم,Ammani,Negative,High
والله اليوم كنت مرتاحة ومش شايلة هم,Ammani,Positive,High
عنجد الوضع صار يضغط علي بشكل كبير,Ammani,Negative,High
صحيت الصبح وروحت أخلص كم شغلة,Ammani,Neutral,Medium
الطلعة حلوة بس التعب كان واضح علي,Ammani,Positive,Medium
كتير انبسطت من القعدة الحلوة اليوم,Ammani,Positive,High
مش عارفة كيف بدي أتعامل مع الموضوع,Ammani,Negative,High
رحت عالجامعة وحضرت محاضرتين بس,Ammani,Neutral,Medium
المكان مرتب بس الجو كان خانق شوي,Ammani,Positive,Medium
حسيت براحة لما خلصت كل اللي علي,Ammani,Positive,High
كل شي اليوم كان ملخبط ومش ماشي,Ammani,Negative,High
قعدت أشتغل شوي وبعدين أخدت استراحة,Ammani,Neutral,Medium
الفكرة حلوة بس بدها ترتيب أكتر,Ammani,Positive,Medium
فرحت لما شفت النتيجة طالعة منيحة,Ammani,Positive,High
زعلت لأنه ما وقف معي بهيك موقف,Ammani,Negative,High
قعدنا نحكي عن خطط الأسبوع الجاي,Ammani,Neutral,Low
الأكل زاكي بس ناقصه ملح شوي,Ammani,Positive,Medium
عنجد ضحكت كتير من الموقف اللي صار,Ammani,Positive,High
زهقت من نفس النمط كل يوم بدون تغيير,Ammani,Negative,High
فتحت اللابتوب واشتغلت على واجب بسيط,Ammani,Neutral,Medium
الجو حلو بس في شوية حر مزعج,Ammani,Positive,Medium
حسيت بطاقة إيجابية طول فترة النهار,Ammani,Positive,High
تعبت من التفكير الزايد بدون فايدة,Ammani,Negative,High
رحت أتمشى لحالي عشان أغير جو,Ammani,Neutral,Medium
المكان حلو بس في ناس كثير مزعجين,Ammani,Positive,Medium
كتير حبيت كيف الأمور ماشية معي اليوم,Ammani,Positive,High
ضايقني الحكي اللي انحكى قدامي اليوم,Ammani,Negative,High
قعدت أرتب أولوياتي لليوم الجاي,Ammani,Neutral,Medium
القعدة حلوة بس الوقت مرّ بسرعة,Ammani,Positive,Medium
انبسطت لما شفت دعم من اللي حوالي,Ammani,Positive,High
مش قادرة أركز من كتر التفكير والتوتر,Ammani,Negative,High
رتبت غرفتي وحسيت براحة نفسية كبيرة,Ammani,Positive,Medium
الجو لطيف بس في غبرة خفيفة اليوم,Ammani,Positive,Medium
حسيت بسعادة لما خلصت كل واجباتي,Ammani,Positive,High
الموضوع صار يزعجني وما بقدر أتجاهله,Ammani,Negative,High
قعدت أشتغل على مشروعي لفترة قصيرة,Ammani,Neutral,Medium
المكان حلو بس شوي بعيد عن البيت,Ammani,Positive,Medium
انبسطت بالقعدة مع صحباتي اليوم,Ammani,Positive,High
زعلت لأنه ما اهتم بكلامي أبداً,Ammani,Negative,High
رحت أشتري كم غرض ورجعت بسرعة,Ammani,Neutral,Low
الأكل طيب بس بارد ومش طازة,Ammani,Positive,Medium
حسيت براحة لما خلصت الشغل تبعي,Ammani,Positive,High
تعبت من الزحمة والطريق الطويل اليوم,Ammani,Negative,High
قعدنا نحضر فيلم بدون أي تعليق,Ammani,Neutral,Low
الطقس حلو بس الهوا قوي شوي,Ammani,Positive,Medium
فرحت من النتيجة اللي وصلت إلها,Ammani,Positive,High
انقهرت من التأخير اللي صار معي,Ammani,Negative,High
مرّ اليوم بشكل طبيعي بدون أحداث,Ammani,Neutral,Low
القعدة كانت رايقة بس شوي مملة,Ammani,Positive,Medium
حسيت بطاقة حلوة من وجود الناس,Ammani,Positive,High
ما إلي نفس أتعامل مع حدا اليوم,Ammani,Negative,High
اشتغلت شوي على اللابتوب وبعدين سكرت,Ammani,Neutral,Medium
رحت أتمشى شوي حوالين الحارة ورجعت,Ammani,Neutral,Medium
قعدنا ساكتين فترة بدون أي حكي,Ammani,Neutral,Low
صحيت الصبح متأخرة شوي بدون سبب,Ammani,Neutral,Low
قضيت وقتي أتنقل بين الشغلات بدون تركيز,Ammani,Neutral,Medium
ولك اليوم كنت طايرة من الفرحة بدون سبب,Ammani,Positive,High
عنجد انبسطت من الضحك اللي صار بينا,Ammani,Positive,High
يا زلمة حسيت الدنيا حلوة فجأة هيك,Ammani,Positive,High
والله القعدة كانت نار وما في زيها,Ammani,Positive,High
اليوم حسيت حالي خفيفة وما في هموم,Ammani,Positive,High
عنجد يوم بفتح النفس من كل النواحي,Ammani,Positive,High
كتير حبيت كيف كل شي زبط معي اليوم,Ammani,Positive,High
حسيت حالي مرتاحة من جوا بدون توتر,Ammani,Positive,High
يا ريت كل الأيام تكون زي هيك عنجد,Ammani,Positive,High
عنجد ضليت أضحك من المواقف طول اليوم,Ammani,Positive,High
ولك اليوم كان زفت من أوله لآخره,Ammani,Negative,High
عنجد مش طايقة حالي ولا طايقة حدا,Ammani,Negative,High
يا زلمة كل شي كان معكوس اليوم بشكل غريب,Ammani,Negative,High
حسيت حالي مضغوطة ومخنوقة من كل إشي,Ammani,Negative,High
والله ما إلي نفس أتعامل مع أي حدا,Ammani,Negative,High
زهقت من القعدة وما في إشي يتغير,Ammani,Negative,High
عنجد الموضوع قرفني وما عاد أتحمله,Ammani,Negative,High
اليوم مرّ تقيل وكل دقيقة كانت ساعة,Ammani,Negative,High
يا ربي شو هالحظ اللي مش راضي يزبط,Ammani,Negative,High
عنجد تعبت من التفكير الزايد بهالموضوع,Ammani,Negative,High
